[{"model": "contenttypes.contenttype", "pk": 1, "fields": {"app_label": "admin", "model": "logentry"}}, {"model": "contenttypes.contenttype", "pk": 2, "fields": {"app_label": "auth", "model": "permission"}}, {"model": "contenttypes.contenttype", "pk": 3, "fields": {"app_label": "auth", "model": "group"}}, {"model": "contenttypes.contenttype", "pk": 4, "fields": {"app_label": "auth", "model": "user"}}, {"model": "contenttypes.contenttype", "pk": 5, "fields": {"app_label": "contenttypes", "model": "contenttype"}}, {"model": "contenttypes.contenttype", "pk": 6, "fields": {"app_label": "sessions", "model": "session"}}, {"model": "contenttypes.contenttype", "pk": 7, "fields": {"app_label": "global_permissions", "model": "globalpermission"}}, {"model": "contenttypes.contenttype", "pk": 8, "fields": {"app_label": "authtoken", "model": "token"}}, {"model": "contenttypes.contenttype", "pk": 9, "fields": {"app_label": "core", "model": "areaatendimento"}}, {"model": "contenttypes.contenttype", "pk": 10, "fields": {"app_label": "core", "model": "departamento"}}, {"model": "contenttypes.contenttype", "pk": 11, "fields": {"app_label": "core", "model": "empresa"}}, {"model": "contenttypes.contenttype", "pk": 12, "fields": {"app_label": "core", "model": "tipoatendimento"}}, {"model": "contenttypes.contenttype", "pk": 13, "fields": {"app_label": "core", "model": "userprofile"}}, {"model": "contenttypes.contenttype", "pk": 14, "fields": {"app_label": "core", "model": "tipoprofissional"}}, {"model": "contenttypes.contenttype", "pk": 15, "fields": {"app_label": "core", "model": "profissional"}}, {"model": "contenttypes.contenttype", "pk": 16, "fields": {"app_label": "core", "model": "departamentoprofissional"}}, {"model": "contenttypes.contenttype", "pk": 17, "fields": {"app_label": "core", "model": "cliente"}}, {"model": "contenttypes.contenttype", "pk": 18, "fields": {"app_label": "core", "model": "atendente"}}, {"model": "contenttypes.contenttype", "pk": 19, "fields": {"app_label": "core", "model": "escala"}}, {"model": "contenttypes.contenttype", "pk": 20, "fields": {"app_label": "core", "model": "escalaintervalo"}}, {"model": "contenttypes.contenttype", "pk": 21, "fields": {"app_label": "core", "model": "atendimento"}}, {"model": "contenttypes.contenttype", "pk": 22, "fields": {"app_label": "core", "model": "latlng"}}, {"model": "contenttypes.contenttype", "pk": 23, "fields": {"app_label": "core", "model": "paciente"}}, {"model": "contenttypes.contenttype", "pk": 24, "fields": {"app_label": "core", "model": "pacientedepartamentoprofissional"}}, {"model": "contenttypes.contenttype", "pk": 25, "fields": {"app_label": "core", "model": "prontuario"}}, {"model": "sessions.session", "pk": "0b6cjzihwnv8lrhnxo1hzjhrvwmtnk3v", "fields": {"session_data": "YmUyOGFlN2Y4ODMwYTZkMTU5Yzg4Y2I3ODNhOTY0OTA4ODc5NjJkYTp7Il9hdXRoX3VzZXJfaWQiOiIyIiwiX2F1dGhfdXNlcl9iYWNrZW5kIjoiZGphbmdvLmNvbnRyaWIuYXV0aC5iYWNrZW5kcy5Nb2RlbEJhY2tlbmQiLCJfYXV0aF91c2VyX2hhc2giOiJhNWIxYjNhZmUxNjc0ZGI2MWExZGQ1NWE1NGU4MzA0MmM2NDk1ZDg0In0=", "expire_date": "2020-06-04T22:26:16.564"}}, {"model": "sessions.session", "pk": "1ssj7g5b793aqgdlny1j753azqx919q2", "fields": {"session_data": "ODI5OTA1YjQ5N2MzODI0Mjg5MDM5ZGM1ZTMwYjExZDI2ZWZiMzdmZTp7Il9hdXRoX3VzZXJfaWQiOiIyMyIsIl9hdXRoX3VzZXJfYmFja2VuZCI6ImRqYW5nby5jb250cmliLmF1dGguYmFja2VuZHMuTW9kZWxCYWNrZW5kIiwiX2F1dGhfdXNlcl9oYXNoIjoiNTMzNjAxNWE5YWJjMGJjNDA4MDJiNjA4OTYxZWVmYjk1YTY1YTE4MiJ9", "expire_date": "2020-07-03T16:33:58.802"}}, {"model": "sessions.session", "pk": "2lkxp6zj8nnlyan65v4n2udw5slw465v", "fields": {"session_data": "NDAyY2ZmZjAzZGQ2ZjUzOWYyNzU5MjYyOWIxMTFiNGViZWY5MGRiOTp7Il9hdXRoX3VzZXJfaWQiOiIyIiwiX2F1dGhfdXNlcl9iYWNrZW5kIjoiZGphbmdvLmNvbnRyaWIuYXV0aC5iYWNrZW5kcy5Nb2RlbEJhY2tlbmQiLCJfYXV0aF91c2VyX2hhc2giOiI5ZDNiODExN2U0NWJkMDcwZTFkM2UwOTRlODA2ZmU1MWFkY2JkYTIyIn0=", "expire_date": "2020-07-16T12:18:10.157"}}, {"model": "sessions.session", "pk": "485awm6rw8gjzcbequ90t0rw95mappzk", "fields": {"session_data": "YjYzODE3NTY5ZmY2M2YxMmZmMzViZTk0NjQxZTAxOTEzNTczZTM3NTp7Il9hdXRoX3VzZXJfaWQiOiIyMiIsIl9hdXRoX3VzZXJfYmFja2VuZCI6ImRqYW5nby5jb250cmliLmF1dGguYmFja2VuZHMuTW9kZWxCYWNrZW5kIiwiX2F1dGhfdXNlcl9oYXNoIjoiM2RiN2I0NmIwNjQ4NWI2NjJlMzFiOGZkMmQzMGRkNTllNDFkMDlmMCJ9", "expire_date": "2020-07-25T12:27:34.760"}}, {"model": "sessions.session", "pk": "56nfk9ryztyb69npmhpqawfn1cylq55x", "fields": {"session_data": "YmUyOGFlN2Y4ODMwYTZkMTU5Yzg4Y2I3ODNhOTY0OTA4ODc5NjJkYTp7Il9hdXRoX3VzZXJfaWQiOiIyIiwiX2F1dGhfdXNlcl9iYWNrZW5kIjoiZGphbmdvLmNvbnRyaWIuYXV0aC5iYWNrZW5kcy5Nb2RlbEJhY2tlbmQiLCJfYXV0aF91c2VyX2hhc2giOiJhNWIxYjNhZmUxNjc0ZGI2MWExZGQ1NWE1NGU4MzA0MmM2NDk1ZDg0In0=", "expire_date": "2020-05-20T01:00:56.394"}}, {"model": "sessions.session", "pk": "5gsqdkl9m2smtr79239fqg0gbv8y79bw", "fields": {"session_data": "YmUyOGFlN2Y4ODMwYTZkMTU5Yzg4Y2I3ODNhOTY0OTA4ODc5NjJkYTp7Il9hdXRoX3VzZXJfaWQiOiIyIiwiX2F1dGhfdXNlcl9iYWNrZW5kIjoiZGphbmdvLmNvbnRyaWIuYXV0aC5iYWNrZW5kcy5Nb2RlbEJhY2tlbmQiLCJfYXV0aF91c2VyX2hhc2giOiJhNWIxYjNhZmUxNjc0ZGI2MWExZGQ1NWE1NGU4MzA0MmM2NDk1ZDg0In0=", "expire_date": "2020-06-19T03:36:55.024"}}, {"model": "sessions.session", "pk": "88890ho15rvy1d4l23s44xa9s2u6q51b", "fields": {"session_data": "YmUyOGFlN2Y4ODMwYTZkMTU5Yzg4Y2I3ODNhOTY0OTA4ODc5NjJkYTp7Il9hdXRoX3VzZXJfaWQiOiIyIiwiX2F1dGhfdXNlcl9iYWNrZW5kIjoiZGphbmdvLmNvbnRyaWIuYXV0aC5iYWNrZW5kcy5Nb2RlbEJhY2tlbmQiLCJfYXV0aF91c2VyX2hhc2giOiJhNWIxYjNhZmUxNjc0ZGI2MWExZGQ1NWE1NGU4MzA0MmM2NDk1ZDg0In0=", "expire_date": "2020-06-17T13:51:43.340"}}, {"model": "sessions.session", "pk": "8kvvn0ycsinn6lpet8xnb9vnepa56b53", "fields": {"session_data": "NDAyY2ZmZjAzZGQ2ZjUzOWYyNzU5MjYyOWIxMTFiNGViZWY5MGRiOTp7Il9hdXRoX3VzZXJfaWQiOiIyIiwiX2F1dGhfdXNlcl9iYWNrZW5kIjoiZGphbmdvLmNvbnRyaWIuYXV0aC5iYWNrZW5kcy5Nb2RlbEJhY2tlbmQiLCJfYXV0aF91c2VyX2hhc2giOiI5ZDNiODExN2U0NWJkMDcwZTFkM2UwOTRlODA2ZmU1MWFkY2JkYTIyIn0=", "expire_date": "2020-08-18T16:23:44.564"}}, {"model": "sessions.session", "pk": "b2n8bzbvduu8dxvwvxn0azfni0iwg015", "fields": {"session_data": "YjYzODE3NTY5ZmY2M2YxMmZmMzViZTk0NjQxZTAxOTEzNTczZTM3NTp7Il9hdXRoX3VzZXJfaWQiOiIyMiIsIl9hdXRoX3VzZXJfYmFja2VuZCI6ImRqYW5nby5jb250cmliLmF1dGguYmFja2VuZHMuTW9kZWxCYWNrZW5kIiwiX2F1dGhfdXNlcl9oYXNoIjoiM2RiN2I0NmIwNjQ4NWI2NjJlMzFiOGZkMmQzMGRkNTllNDFkMDlmMCJ9", "expire_date": "2020-07-30T13:06:33.060"}}, {"model": "sessions.session", "pk": "bhnfd5o6r1x4kzt16fcnla5mouweste9", "fields": {"session_data": "YjYzODE3NTY5ZmY2M2YxMmZmMzViZTk0NjQxZTAxOTEzNTczZTM3NTp7Il9hdXRoX3VzZXJfaWQiOiIyMiIsIl9hdXRoX3VzZXJfYmFja2VuZCI6ImRqYW5nby5jb250cmliLmF1dGguYmFja2VuZHMuTW9kZWxCYWNrZW5kIiwiX2F1dGhfdXNlcl9oYXNoIjoiM2RiN2I0NmIwNjQ4NWI2NjJlMzFiOGZkMmQzMGRkNTllNDFkMDlmMCJ9", "expire_date": "2020-08-02T05:27:05.126"}}, {"model": "sessions.session", "pk": "ffk4qyv6sncxk95bxz2ziar1xfr09fpi", "fields": {"session_data": "YjYzODE3NTY5ZmY2M2YxMmZmMzViZTk0NjQxZTAxOTEzNTczZTM3NTp7Il9hdXRoX3VzZXJfaWQiOiIyMiIsIl9hdXRoX3VzZXJfYmFja2VuZCI6ImRqYW5nby5jb250cmliLmF1dGguYmFja2VuZHMuTW9kZWxCYWNrZW5kIiwiX2F1dGhfdXNlcl9oYXNoIjoiM2RiN2I0NmIwNjQ4NWI2NjJlMzFiOGZkMmQzMGRkNTllNDFkMDlmMCJ9", "expire_date": "2020-07-30T03:09:34.823"}}, {"model": "sessions.session", "pk": "gr2xk9glp37ln62o22yqlv3q5wdm6jni", "fields": {"session_data": "YjYzODE3NTY5ZmY2M2YxMmZmMzViZTk0NjQxZTAxOTEzNTczZTM3NTp7Il9hdXRoX3VzZXJfaWQiOiIyMiIsIl9hdXRoX3VzZXJfYmFja2VuZCI6ImRqYW5nby5jb250cmliLmF1dGguYmFja2VuZHMuTW9kZWxCYWNrZW5kIiwiX2F1dGhfdXNlcl9oYXNoIjoiM2RiN2I0NmIwNjQ4NWI2NjJlMzFiOGZkMmQzMGRkNTllNDFkMDlmMCJ9", "expire_date": "2020-08-01T04:48:49.352"}}, {"model": "sessions.session", "pk": "hccrauk1yyrmnvcraoxuofvuzf7d9w1m", "fields": {"session_data": "YjYzODE3NTY5ZmY2M2YxMmZmMzViZTk0NjQxZTAxOTEzNTczZTM3NTp7Il9hdXRoX3VzZXJfaWQiOiIyMiIsIl9hdXRoX3VzZXJfYmFja2VuZCI6ImRqYW5nby5jb250cmliLmF1dGguYmFja2VuZHMuTW9kZWxCYWNrZW5kIiwiX2F1dGhfdXNlcl9oYXNoIjoiM2RiN2I0NmIwNjQ4NWI2NjJlMzFiOGZkMmQzMGRkNTllNDFkMDlmMCJ9", "expire_date": "2020-07-25T04:11:57.442"}}, {"model": "sessions.session", "pk": "mms1bsgzaxa6aza9ea4tjkfqcnb590r0", "fields": {"session_data": "ZTljYTJkZGVkODA3NDkzNmIwMjJmM2NlMTA0MWUxMTAwZjExNjMwMzp7fQ==", "expire_date": "2020-08-18T16:17:57.843"}}, {"model": "sessions.session", "pk": "paj8lp1zzj7svn38yaq5t402ue7ksh5f", "fields": {"session_data": "YjYzODE3NTY5ZmY2M2YxMmZmMzViZTk0NjQxZTAxOTEzNTczZTM3NTp7Il9hdXRoX3VzZXJfaWQiOiIyMiIsIl9hdXRoX3VzZXJfYmFja2VuZCI6ImRqYW5nby5jb250cmliLmF1dGguYmFja2VuZHMuTW9kZWxCYWNrZW5kIiwiX2F1dGhfdXNlcl9oYXNoIjoiM2RiN2I0NmIwNjQ4NWI2NjJlMzFiOGZkMmQzMGRkNTllNDFkMDlmMCJ9", "expire_date": "2020-07-29T10:32:17.011"}}, {"model": "sessions.session", "pk": "pd0e2xuhcv57fy1l9nfpfod3zm2paace", "fields": {"session_data": "Y2ZiODg5M2ZlMzE4MzQ1NTI4YzIzOTQwMjM4ZmRjMjE5ZjQ4ZmNlMjp7Il9hdXRoX3VzZXJfaWQiOiIxIiwiX2F1dGhfdXNlcl9iYWNrZW5kIjoiZGphbmdvLmNvbnRyaWIuYXV0aC5iYWNrZW5kcy5Nb2RlbEJhY2tlbmQiLCJfYXV0aF91c2VyX2hhc2giOiI0ZGRjZGRiOTU2YWM5NjJkMTU1ZmRhOTJjNDM2YmQzMTYzMDQ3YzY3In0=", "expire_date": "2020-08-18T16:25:50.014"}}, {"model": "sessions.session", "pk": "w60iq2whf1zzg9p0ypgy94saik6fdq0s", "fields": {"session_data": "YjYzODE3NTY5ZmY2M2YxMmZmMzViZTk0NjQxZTAxOTEzNTczZTM3NTp7Il9hdXRoX3VzZXJfaWQiOiIyMiIsIl9hdXRoX3VzZXJfYmFja2VuZCI6ImRqYW5nby5jb250cmliLmF1dGguYmFja2VuZHMuTW9kZWxCYWNrZW5kIiwiX2F1dGhfdXNlcl9oYXNoIjoiM2RiN2I0NmIwNjQ4NWI2NjJlMzFiOGZkMmQzMGRkNTllNDFkMDlmMCJ9", "expire_date": "2020-08-15T16:30:11.721"}}, {"model": "core.empresa", "pk": 1, "fields": {"data_cadastro": "2020-05-05T13:49:57.677", "date_modificado": "2020-06-02T17:32:43.698", "nome_razao_social": "MAISSAUDE", "documento": "05.648.908/0001-20"}}, {"model": "core.areaatendimento", "pk": 1, "fields": {"descricao": "GERAL"}}, {"model": "core.departamento", "pk": 1, "fields": {"data_cadastro": "2020-05-05T13:50:43.852", "date_modificado": "2020-05-05T13:50:43.852", "empresa": 1, "areaAtendimento": 1, "nome": "POLO FLORESTA", "descricao": "SERIALIZABLE"}}, {"model": "core.tipoprofissional", "pk": 1, "fields": {"data_cadastro": "2020-05-05T13:51:18.394", "date_modificado": "2020-05-05T13:51:18.394", "descricao": "CIRURGI\u00c3O DENTISTA", "areaAtendimento": 1, "departamento": 1}}, {"model": "core.tipoprofissional", "pk": 2, "fields": {"data_cadastro": "2020-06-05T03:36:54.720", "date_modificado": "2020-06-05T03:36:54.720", "descricao": "ANESTESISTA", "areaAtendimento": 1, "departamento": 1}}, {"model": "core.tipoatendimento", "pk": 1, "fields": {"data_cadastro": "2020-05-05T14:31:50.625", "date_modificado": "2020-07-08T23:51:58.227", "tipo_profissional": 1, "descricao": "CANAL", "areaAtendimento": 1, "tempo_padrao": "00:30:00", "valor_padrao": "100.00", "publico": false}}, {"model": "core.tipoatendimento", "pk": 2, "fields": {"data_cadastro": "2020-05-05T16:49:18.809", "date_modificado": "2020-07-08T23:52:05.917", "tipo_profissional": 1, "descricao": "OBTURA\u00c7\u00c3O", "areaAtendimento": 1, "tempo_padrao": "01:30:00", "valor_padrao": "200.00", "publico": true}}, {"model": "core.tipoatendimento", "pk": 3, "fields": {"data_cadastro": "2020-05-22T01:47:51.870", "date_modificado": "2020-05-22T01:47:51.870", "tipo_profissional": 1, "descricao": "MANUTEN\u00c7\u00c3O APARELHO", "areaAtendimento": 1, "tempo_padrao": "01:00:00", "valor_padrao": "50.00", "publico": false}}, {"model": "core.tipoatendimento", "pk": 4, "fields": {"data_cadastro": "2020-06-06T09:21:08.382", "date_modificado": "2020-06-30T18:10:03.639", "tipo_profissional": 2, "descricao": "EXAME OFTALMOL\u00d3GICO", "areaAtendimento": 1, "tempo_padrao": "00:30:00", "valor_padrao": "340.00", "publico": false}}, {"model": "core.departamentoprofissional", "pk": 7, "fields": {"profissional": 7, "departamento": 1, "tipo_profissional": 1}}, {"model": "core.departamentoprofissional", "pk": 9, "fields": {"profissional": 9, "departamento": 1, "tipo_profissional": 1}}, {"model": "core.paciente", "pk": 1, "fields": {"data_cadastro": "2020-07-08T00:43:44.283", "date_modificado": "2020-07-16T17:00:29.770", "departamento": 1, "nome": "Pedrito", "email": "pedrito@gmail.com", "idade": 10, "telefone": "(87) 912345678", "genero": 1, "endereco": null, "sobre": "", "cliente_app": "506"}}, {"model": "core.paciente", "pk": 2, "fields": {"data_cadastro": "2020-07-15T01:50:15.665", "date_modificado": "2020-07-15T01:50:15.665", "departamento": 1, "nome": "Jos\u00e9lia", "email": "joselia@gmail.com", "idade": 45, "telefone": "(87) 912345678", "genero": 1, "endereco": null, "sobre": "", "cliente_app": ""}}, {"model": "core.paciente", "pk": 3, "fields": {"data_cadastro": "2020-08-01T15:37:36.895", "date_modificado": "2020-08-01T15:44:44.185", "departamento": 1, "nome": "Jefferson", "email": "jefferson@gmail.com", "idade": 35, "telefone": "(87) 912345679", "genero": 0, "endereco": null, "sobre": "", "cliente_app": "9810"}}, {"model": "core.paciente", "pk": 4, "fields": {"data_cadastro": "2020-08-01T15:44:37.202", "date_modificado": "2020-08-01T15:44:37.202", "departamento": 1, "nome": "Jean Carlos", "email": "jean@gmail.com", "idade": 15, "telefone": "(87) 912345678", "genero": 0, "endereco": null, "sobre": "", "cliente_app": "899109"}}, {"model": "core.paciente", "pk": 5, "fields": {"data_cadastro": "2020-08-02T02:35:58.862", "date_modificado": "2020-08-02T02:35:58.862", "departamento": 1, "nome": "Django livre", "email": "djangolivre@gmail.com", "idade": 10, "telefone": "(87) 912345678", "genero": 0, "endereco": null, "sobre": "", "cliente_app": ""}}, {"model": "core.pacientedepartamentoprofissional", "pk": 1, "fields": {"data_cadastro": "2020-07-09T00:55:28.290", "date_modificado": "2020-07-09T00:55:28.290", "paciente": 1, "departamentoProfissional": 7}}, {"model": "core.pacientedepartamentoprofissional", "pk": 2, "fields": {"data_cadastro": "2020-07-09T13:52:10.727", "date_modificado": "2020-07-09T13:52:10.727", "paciente": 1, "departamentoProfissional": 9}}, {"model": "core.pacientedepartamentoprofissional", "pk": 3, "fields": {"data_cadastro": "2020-07-15T01:50:30.016", "date_modificado": "2020-07-15T01:50:30.016", "paciente": 2, "departamentoProfissional": 7}}, {"model": "core.pacientedepartamentoprofissional", "pk": 4, "fields": {"data_cadastro": "2020-07-15T01:56:41.791", "date_modificado": "2020-07-15T01:56:41.791", "paciente": 2, "departamentoProfissional": 9}}, {"model": "core.pacientedepartamentoprofissional", "pk": 5, "fields": {"data_cadastro": "2020-08-01T15:45:12.838", "date_modificado": "2020-08-01T15:45:12.838", "paciente": 4, "departamentoProfissional": 7}}, {"model": "core.pacientedepartamentoprofissional", "pk": 6, "fields": {"data_cadastro": "2020-08-01T15:45:51.682", "date_modificado": "2020-08-01T15:45:51.683", "paciente": 3, "departamentoProfissional": 7}}, {"model": "core.pacientedepartamentoprofissional", "pk": 7, "fields": {"data_cadastro": "2020-08-02T02:36:59.943", "date_modificado": "2020-08-02T02:36:59.943", "paciente": 5, "departamentoProfissional": 7}}, {"model": "core.prontuario", "pk": 1, "fields": {"data_cadastro": "2020-07-16T13:05:21.555", "date_modificado": "2020-07-16T13:05:21.555", "departamento_profissional_paciente": 1, "observacao": "O rapaz \u00e9 teimoso", "peso": "50.50"}}, {"model": "core.prontuario", "pk": 2, "fields": {"data_cadastro": "2020-07-16T13:05:31.980", "date_modificado": "2020-07-16T13:05:31.980", "departamento_profissional_paciente": 3, "observacao": "O rapaz teimoso", "peso": "98.10"}}, {"model": "core.escala", "pk": 769, "fields": {"data_cadastro": "2020-07-15T01:52:56.272", "date_modificado": "2020-07-15T01:52:56.442", "departamentoProfissional": 7, "dia": "2020-07-16"}}, {"model": "core.escala", "pk": 770, "fields": {"data_cadastro": "2020-07-15T01:53:02.651", "date_modificado": "2020-07-18T03:37:24.983", "departamentoProfissional": 7, "dia": "2020-07-21"}}, {"model": "core.escala", "pk": 771, "fields": {"data_cadastro": "2020-07-15T01:56:11.382", "date_modificado": "2020-07-18T04:35:14.370", "departamentoProfissional": 9, "dia": "2020-07-23"}}, {"model": "core.escala", "pk": 772, "fields": {"data_cadastro": "2020-07-15T01:56:18.211", "date_modificado": "2020-07-15T01:56:18.293", "departamentoProfissional": 9, "dia": "2020-07-17"}}, {"model": "core.escala", "pk": 773, "fields": {"data_cadastro": "2020-07-17T08:36:20.508", "date_modificado": "2020-07-18T04:14:19.338", "departamentoProfissional": 7, "dia": "2020-07-22"}}, {"model": "core.escala", "pk": 774, "fields": {"data_cadastro": "2020-07-19T05:25:57.710", "date_modificado": "2020-07-19T05:27:00.374", "departamentoProfissional": 7, "dia": "2020-07-20"}}, {"model": "core.escala", "pk": 775, "fields": {"data_cadastro": "2020-07-29T12:10:34.646", "date_modificado": "2020-07-29T12:10:34.819", "departamentoProfissional": 7, "dia": "2020-08-08"}}, {"model": "core.escala", "pk": 776, "fields": {"data_cadastro": "2020-08-01T14:53:05.714", "date_modificado": "2020-08-01T14:53:05.799", "departamentoProfissional": 7, "dia": "2020-08-02"}}, {"model": "core.escala", "pk": 777, "fields": {"data_cadastro": "2020-08-01T14:53:11.734", "date_modificado": "2020-08-01T14:53:11.862", "departamentoProfissional": 7, "dia": "2020-08-20"}}, {"model": "core.escala", "pk": 778, "fields": {"data_cadastro": "2020-08-01T14:53:22.144", "date_modificado": "2020-08-01T14:53:22.417", "departamentoProfissional": 7, "dia": "2020-08-31"}}, {"model": "core.escala", "pk": 779, "fields": {"data_cadastro": "2020-08-02T03:06:12.980", "date_modificado": "2020-08-02T03:06:13.121", "departamentoProfissional": 7, "dia": "2020-08-11"}}, {"model": "core.escalaintervalo", "pk": 4954, "fields": {"escala": 769, "inicio": "09:30:00", "fim": "09:40:00", "descricao": "", "cor": "success", "atendimento": null}}, {"model": "core.escalaintervalo", "pk": 4961, "fields": {"escala": 769, "inicio": "10:40:00", "fim": "10:50:00", "descricao": "", "cor": "success", "atendimento": null}}, {"model": "core.escalaintervalo", "pk": 4962, "fields": {"escala": 769, "inicio": "10:50:00", "fim": "11:00:00", "descricao": "", "cor": "success", "atendimento": null}}, {"model": "core.escalaintervalo", "pk": 4963, "fields": {"escala": 769, "inicio": "11:00:00", "fim": "11:10:00", "descricao": "", "cor": "success", "atendimento": null}}, {"model": "core.escalaintervalo", "pk": 4964, "fields": {"escala": 769, "inicio": "11:10:00", "fim": "11:20:00", "descricao": "", "cor": "success", "atendimento": null}}, {"model": "core.escalaintervalo", "pk": 4965, "fields": {"escala": 769, "inicio": "11:20:00", "fim": "11:30:00", "descricao": "", "cor": "success", "atendimento": null}}, {"model": "core.escalaintervalo", "pk": 4966, "fields": {"escala": 769, "inicio": "11:30:00", "fim": "11:40:00", "descricao": "", "cor": "success", "atendimento": null}}, {"model": "core.escalaintervalo", "pk": 4967, "fields": {"escala": 769, "inicio": "11:40:00", "fim": "11:50:00", "descricao": "", "cor": "success", "atendimento": null}}, {"model": "core.escalaintervalo", "pk": 4968, "fields": {"escala": 769, "inicio": "11:50:00", "fim": "12:00:00", "descricao": "", "cor": "success", "atendimento": null}}, {"model": "core.escalaintervalo", "pk": 5032, "fields": {"escala": 772, "inicio": "10:30:00", "fim": "10:40:00", "descricao": "", "cor": "success", "atendimento": null}}, {"model": "core.escalaintervalo", "pk": 5033, "fields": {"escala": 772, "inicio": "10:40:00", "fim": "10:50:00", "descricao": "", "cor": "success", "atendimento": null}}, {"model": "core.escalaintervalo", "pk": 5034, "fields": {"escala": 772, "inicio": "10:50:00", "fim": "11:00:00", "descricao": "", "cor": "success", "atendimento": null}}, {"model": "core.escalaintervalo", "pk": 5035, "fields": {"escala": 772, "inicio": "11:00:00", "fim": "11:10:00", "descricao": "", "cor": "success", "atendimento": null}}, {"model": "core.escalaintervalo", "pk": 5036, "fields": {"escala": 772, "inicio": "11:10:00", "fim": "11:20:00", "descricao": "", "cor": "success", "atendimento": null}}, {"model": "core.escalaintervalo", "pk": 5037, "fields": {"escala": 772, "inicio": "11:20:00", "fim": "11:30:00", "descricao": "", "cor": "success", "atendimento": null}}, {"model": "core.escalaintervalo", "pk": 5038, "fields": {"escala": 772, "inicio": "11:30:00", "fim": "11:40:00", "descricao": "", "cor": "success", "atendimento": null}}, {"model": "core.escalaintervalo", "pk": 5039, "fields": {"escala": 772, "inicio": "11:40:00", "fim": "11:50:00", "descricao": "", "cor": "success", "atendimento": null}}, {"model": "core.escalaintervalo", "pk": 5040, "fields": {"escala": 772, "inicio": "11:50:00", "fim": "12:00:00", "descricao": "", "cor": "success", "atendimento": null}}, {"model": "core.escalaintervalo", "pk": 5104, "fields": {"escala": 773, "inicio": "10:30:00", "fim": "10:40:00", "descricao": "", "cor": "success", "atendimento": null}}, {"model": "core.escalaintervalo", "pk": 5105, "fields": {"escala": 773, "inicio": "10:40:00", "fim": "10:50:00", "descricao": "", "cor": "success", "atendimento": null}}, {"model": "core.escalaintervalo", "pk": 5106, "fields": {"escala": 773, "inicio": "10:50:00", "fim": "11:00:00", "descricao": "", "cor": "success", "atendimento": null}}, {"model": "core.escalaintervalo", "pk": 5113, "fields": {"escala": 773, "inicio": "11:00:00", "fim": "11:10:00", "descricao": "", "cor": "success", "atendimento": null}}, {"model": "core.escalaintervalo", "pk": 5114, "fields": {"escala": 773, "inicio": "11:10:00", "fim": "11:20:00", "descricao": "", "cor": "success", "atendimento": null}}, {"model": "core.escalaintervalo", "pk": 5115, "fields": {"escala": 773, "inicio": "11:20:00", "fim": "11:30:00", "descricao": "", "cor": "success", "atendimento": null}}, {"model": "core.escalaintervalo", "pk": 5116, "fields": {"escala": 773, "inicio": "11:30:00", "fim": "11:40:00", "descricao": "", "cor": "success", "atendimento": null}}, {"model": "core.escalaintervalo", "pk": 5117, "fields": {"escala": 773, "inicio": "11:40:00", "fim": "11:50:00", "descricao": "", "cor": "success", "atendimento": null}}, {"model": "core.escalaintervalo", "pk": 5118, "fields": {"escala": 773, "inicio": "11:50:00", "fim": "12:00:00", "descricao": "", "cor": "success", "atendimento": null}}, {"model": "core.escalaintervalo", "pk": 5119, "fields": {"escala": 771, "inicio": "08:00:00", "fim": "08:10:00", "descricao": "", "cor": "success", "atendimento": null}}, {"model": "core.escalaintervalo", "pk": 5120, "fields": {"escala": 771, "inicio": "08:10:00", "fim": "08:20:00", "descricao": "", "cor": "success", "atendimento": null}}, {"model": "core.escalaintervalo", "pk": 5121, "fields": {"escala": 771, "inicio": "08:20:00", "fim": "08:30:00", "descricao": "", "cor": "success", "atendimento": null}}, {"model": "core.escalaintervalo", "pk": 5122, "fields": {"escala": 771, "inicio": "08:30:00", "fim": "08:40:00", "descricao": "", "cor": "success", "atendimento": null}}, {"model": "core.escalaintervalo", "pk": 5123, "fields": {"escala": 771, "inicio": "08:40:00", "fim": "08:50:00", "descricao": "", "cor": "success", "atendimento": null}}, {"model": "core.escalaintervalo", "pk": 5124, "fields": {"escala": 771, "inicio": "08:50:00", "fim": "09:00:00", "descricao": "", "cor": "success", "atendimento": null}}, {"model": "core.escalaintervalo", "pk": 5125, "fields": {"escala": 771, "inicio": "09:00:00", "fim": "09:10:00", "descricao": "", "cor": "success", "atendimento": null}}, {"model": "core.escalaintervalo", "pk": 5126, "fields": {"escala": 771, "inicio": "09:10:00", "fim": "09:20:00", "descricao": "", "cor": "success", "atendimento": null}}, {"model": "core.escalaintervalo", "pk": 5127, "fields": {"escala": 771, "inicio": "09:20:00", "fim": "09:30:00", "descricao": "", "cor": "success", "atendimento": null}}, {"model": "core.escalaintervalo", "pk": 5128, "fields": {"escala": 771, "inicio": "09:30:00", "fim": "09:40:00", "descricao": "", "cor": "success", "atendimento": null}}, {"model": "core.escalaintervalo", "pk": 5129, "fields": {"escala": 771, "inicio": "09:40:00", "fim": "09:50:00", "descricao": "", "cor": "success", "atendimento": null}}, {"model": "core.escalaintervalo", "pk": 5130, "fields": {"escala": 771, "inicio": "09:50:00", "fim": "10:00:00", "descricao": "", "cor": "success", "atendimento": null}}, {"model": "core.escalaintervalo", "pk": 5131, "fields": {"escala": 771, "inicio": "10:00:00", "fim": "10:10:00", "descricao": "", "cor": "success", "atendimento": null}}, {"model": "core.escalaintervalo", "pk": 5132, "fields": {"escala": 771, "inicio": "10:10:00", "fim": "10:20:00", "descricao": "", "cor": "success", "atendimento": null}}, {"model": "core.escalaintervalo", "pk": 5133, "fields": {"escala": 771, "inicio": "10:20:00", "fim": "10:30:00", "descricao": "", "cor": "success", "atendimento": null}}, {"model": "core.escalaintervalo", "pk": 5134, "fields": {"escala": 771, "inicio": "10:30:00", "fim": "10:40:00", "descricao": "", "cor": "success", "atendimento": null}}, {"model": "core.escalaintervalo", "pk": 5135, "fields": {"escala": 771, "inicio": "10:40:00", "fim": "10:50:00", "descricao": "", "cor": "success", "atendimento": null}}, {"model": "core.escalaintervalo", "pk": 5136, "fields": {"escala": 771, "inicio": "10:50:00", "fim": "11:00:00", "descricao": "", "cor": "success", "atendimento": null}}, {"model": "core.escalaintervalo", "pk": 5137, "fields": {"escala": 771, "inicio": "11:00:00", "fim": "11:10:00", "descricao": "", "cor": "success", "atendimento": null}}, {"model": "core.escalaintervalo", "pk": 5138, "fields": {"escala": 771, "inicio": "11:10:00", "fim": "11:20:00", "descricao": "", "cor": "success", "atendimento": null}}, {"model": "core.escalaintervalo", "pk": 5139, "fields": {"escala": 771, "inicio": "11:20:00", "fim": "11:30:00", "descricao": "", "cor": "success", "atendimento": null}}, {"model": "core.escalaintervalo", "pk": 5140, "fields": {"escala": 771, "inicio": "11:30:00", "fim": "11:40:00", "descricao": "", "cor": "success", "atendimento": null}}, {"model": "core.escalaintervalo", "pk": 5141, "fields": {"escala": 771, "inicio": "11:40:00", "fim": "11:50:00", "descricao": "", "cor": "success", "atendimento": null}}, {"model": "core.escalaintervalo", "pk": 5142, "fields": {"escala": 771, "inicio": "11:50:00", "fim": "12:00:00", "descricao": "", "cor": "success", "atendimento": null}}, {"model": "core.escalaintervalo", "pk": 5152, "fields": {"escala": 774, "inicio": "09:30:00", "fim": "09:40:00", "descricao": "", "cor": "success", "atendimento": null}}, {"model": "core.escalaintervalo", "pk": 5153, "fields": {"escala": 774, "inicio": "09:40:00", "fim": "09:50:00", "descricao": "", "cor": "success", "atendimento": null}}, {"model": "core.escalaintervalo", "pk": 5154, "fields": {"escala": 774, "inicio": "09:50:00", "fim": "10:00:00", "descricao": "", "cor": "success", "atendimento": null}}, {"model": "core.escalaintervalo", "pk": 5155, "fields": {"escala": 774, "inicio": "10:00:00", "fim": "10:10:00", "descricao": "", "cor": "success", "atendimento": null}}, {"model": "core.escalaintervalo", "pk": 5156, "fields": {"escala": 774, "inicio": "10:10:00", "fim": "10:20:00", "descricao": "", "cor": "success", "atendimento": null}}, {"model": "core.escalaintervalo", "pk": 5157, "fields": {"escala": 774, "inicio": "10:20:00", "fim": "10:30:00", "descricao": "", "cor": "success", "atendimento": null}}, {"model": "core.escalaintervalo", "pk": 5158, "fields": {"escala": 774, "inicio": "10:30:00", "fim": "10:40:00", "descricao": "", "cor": "success", "atendimento": null}}, {"model": "core.escalaintervalo", "pk": 5159, "fields": {"escala": 774, "inicio": "10:40:00", "fim": "10:50:00", "descricao": "", "cor": "success", "atendimento": null}}, {"model": "core.escalaintervalo", "pk": 5160, "fields": {"escala": 774, "inicio": "10:50:00", "fim": "11:00:00", "descricao": "", "cor": "success", "atendimento": null}}, {"model": "core.escalaintervalo", "pk": 5161, "fields": {"escala": 774, "inicio": "11:00:00", "fim": "11:10:00", "descricao": "", "cor": "success", "atendimento": null}}, {"model": "core.escalaintervalo", "pk": 5162, "fields": {"escala": 774, "inicio": "11:10:00", "fim": "11:20:00", "descricao": "", "cor": "success", "atendimento": null}}, {"model": "core.escalaintervalo", "pk": 5163, "fields": {"escala": 774, "inicio": "11:20:00", "fim": "11:30:00", "descricao": "", "cor": "success", "atendimento": null}}, {"model": "core.escalaintervalo", "pk": 5164, "fields": {"escala": 774, "inicio": "11:30:00", "fim": "11:40:00", "descricao": "", "cor": "success", "atendimento": null}}, {"model": "core.escalaintervalo", "pk": 5165, "fields": {"escala": 774, "inicio": "11:40:00", "fim": "11:50:00", "descricao": "", "cor": "success", "atendimento": null}}, {"model": "core.escalaintervalo", "pk": 5166, "fields": {"escala": 774, "inicio": "11:50:00", "fim": "12:00:00", "descricao": "", "cor": "success", "atendimento": null}}, {"model": "core.escalaintervalo", "pk": 5167, "fields": {"escala": 774, "inicio": "14:30:00", "fim": "14:40:00", "descricao": "", "cor": "success", "atendimento": null}}, {"model": "core.escalaintervalo", "pk": 5168, "fields": {"escala": 774, "inicio": "14:40:00", "fim": "14:50:00", "descricao": "", "cor": "success", "atendimento": null}}, {"model": "core.escalaintervalo", "pk": 5169, "fields": {"escala": 774, "inicio": "14:50:00", "fim": "15:00:00", "descricao": "", "cor": "success", "atendimento": null}}, {"model": "core.escalaintervalo", "pk": 5170, "fields": {"escala": 774, "inicio": "15:00:00", "fim": "15:10:00", "descricao": "", "cor": "success", "atendimento": null}}, {"model": "core.escalaintervalo", "pk": 5171, "fields": {"escala": 774, "inicio": "15:10:00", "fim": "15:20:00", "descricao": "", "cor": "success", "atendimento": null}}, {"model": "core.escalaintervalo", "pk": 5172, "fields": {"escala": 774, "inicio": "15:20:00", "fim": "15:30:00", "descricao": "", "cor": "success", "atendimento": null}}, {"model": "core.escalaintervalo", "pk": 5173, "fields": {"escala": 774, "inicio": "15:30:00", "fim": "15:40:00", "descricao": "", "cor": "success", "atendimento": null}}, {"model": "core.escalaintervalo", "pk": 5174, "fields": {"escala": 774, "inicio": "15:40:00", "fim": "15:50:00", "descricao": "", "cor": "success", "atendimento": null}}, {"model": "core.escalaintervalo", "pk": 5175, "fields": {"escala": 774, "inicio": "15:50:00", "fim": "16:00:00", "descricao": "", "cor": "success", "atendimento": null}}, {"model": "core.escalaintervalo", "pk": 5176, "fields": {"escala": 774, "inicio": "16:00:00", "fim": "16:10:00", "descricao": "", "cor": "success", "atendimento": null}}, {"model": "core.escalaintervalo", "pk": 5177, "fields": {"escala": 774, "inicio": "16:10:00", "fim": "16:20:00", "descricao": "", "cor": "success", "atendimento": null}}, {"model": "core.escalaintervalo", "pk": 5178, "fields": {"escala": 774, "inicio": "16:20:00", "fim": "16:30:00", "descricao": "", "cor": "success", "atendimento": null}}, {"model": "core.escalaintervalo", "pk": 5179, "fields": {"escala": 774, "inicio": "16:30:00", "fim": "16:40:00", "descricao": "", "cor": "success", "atendimento": null}}, {"model": "core.escalaintervalo", "pk": 5180, "fields": {"escala": 774, "inicio": "16:40:00", "fim": "16:50:00", "descricao": "", "cor": "success", "atendimento": null}}, {"model": "core.escalaintervalo", "pk": 5181, "fields": {"escala": 774, "inicio": "16:50:00", "fim": "17:00:00", "descricao": "", "cor": "success", "atendimento": null}}, {"model": "core.escalaintervalo", "pk": 5182, "fields": {"escala": 774, "inicio": "17:00:00", "fim": "17:10:00", "descricao": "", "cor": "success", "atendimento": null}}, {"model": "core.escalaintervalo", "pk": 5183, "fields": {"escala": 774, "inicio": "17:10:00", "fim": "17:20:00", "descricao": "", "cor": "success", "atendimento": null}}, {"model": "core.escalaintervalo", "pk": 5184, "fields": {"escala": 774, "inicio": "17:20:00", "fim": "17:30:00", "descricao": "", "cor": "success", "atendimento": null}}, {"model": "core.escalaintervalo", "pk": 5185, "fields": {"escala": 774, "inicio": "17:30:00", "fim": "17:40:00", "descricao": "", "cor": "success", "atendimento": null}}, {"model": "core.escalaintervalo", "pk": 5186, "fields": {"escala": 774, "inicio": "17:40:00", "fim": "17:50:00", "descricao": "", "cor": "success", "atendimento": null}}, {"model": "core.escalaintervalo", "pk": 5187, "fields": {"escala": 774, "inicio": "17:50:00", "fim": "18:00:00", "descricao": "", "cor": "success", "atendimento": null}}, {"model": "core.escalaintervalo", "pk": 5194, "fields": {"escala": 775, "inicio": "09:00:00", "fim": "09:10:00", "descricao": "", "cor": "success", "atendimento": null}}, {"model": "core.escalaintervalo", "pk": 5195, "fields": {"escala": 775, "inicio": "09:10:00", "fim": "09:20:00", "descricao": "", "cor": "success", "atendimento": 171}}, {"model": "core.escalaintervalo", "pk": 5196, "fields": {"escala": 775, "inicio": "09:20:00", "fim": "09:30:00", "descricao": "", "cor": "success", "atendimento": 171}}, {"model": "core.escalaintervalo", "pk": 5197, "fields": {"escala": 775, "inicio": "09:30:00", "fim": "09:40:00", "descricao": "", "cor": "success", "atendimento": 171}}, {"model": "core.escalaintervalo", "pk": 5198, "fields": {"escala": 775, "inicio": "09:40:00", "fim": "09:50:00", "descricao": "", "cor": "success", "atendimento": null}}, {"model": "core.escalaintervalo", "pk": 5199, "fields": {"escala": 775, "inicio": "09:50:00", "fim": "10:00:00", "descricao": "", "cor": "success", "atendimento": null}}, {"model": "core.escalaintervalo", "pk": 5200, "fields": {"escala": 775, "inicio": "10:00:00", "fim": "10:10:00", "descricao": "", "cor": "success", "atendimento": null}}, {"model": "core.escalaintervalo", "pk": 5201, "fields": {"escala": 775, "inicio": "10:10:00", "fim": "10:20:00", "descricao": "", "cor": "success", "atendimento": null}}, {"model": "core.escalaintervalo", "pk": 5202, "fields": {"escala": 775, "inicio": "10:20:00", "fim": "10:30:00", "descricao": "", "cor": "success", "atendimento": null}}, {"model": "core.escalaintervalo", "pk": 5203, "fields": {"escala": 775, "inicio": "10:30:00", "fim": "10:40:00", "descricao": "", "cor": "success", "atendimento": 181}}, {"model": "core.escalaintervalo", "pk": 5204, "fields": {"escala": 775, "inicio": "10:40:00", "fim": "10:50:00", "descricao": "", "cor": "success", "atendimento": 181}}, {"model": "core.escalaintervalo", "pk": 5205, "fields": {"escala": 775, "inicio": "10:50:00", "fim": "11:00:00", "descricao": "", "cor": "success", "atendimento": 181}}, {"model": "core.escalaintervalo", "pk": 5206, "fields": {"escala": 775, "inicio": "11:00:00", "fim": "11:10:00", "descricao": "", "cor": "success", "atendimento": 181}}, {"model": "core.escalaintervalo", "pk": 5207, "fields": {"escala": 775, "inicio": "11:10:00", "fim": "11:20:00", "descricao": "", "cor": "success", "atendimento": 181}}, {"model": "core.escalaintervalo", "pk": 5208, "fields": {"escala": 775, "inicio": "11:20:00", "fim": "11:30:00", "descricao": "", "cor": "success", "atendimento": 181}}, {"model": "core.escalaintervalo", "pk": 5209, "fields": {"escala": 775, "inicio": "11:30:00", "fim": "11:40:00", "descricao": "", "cor": "success", "atendimento": 181}}, {"model": "core.escalaintervalo", "pk": 5210, "fields": {"escala": 775, "inicio": "11:40:00", "fim": "11:50:00", "descricao": "", "cor": "success", "atendimento": 181}}, {"model": "core.escalaintervalo", "pk": 5211, "fields": {"escala": 775, "inicio": "11:50:00", "fim": "12:00:00", "descricao": "", "cor": "success", "atendimento": 181}}, {"model": "core.escalaintervalo", "pk": 5212, "fields": {"escala": 776, "inicio": "08:00:00", "fim": "08:10:00", "descricao": "", "cor": "success", "atendimento": 170}}, {"model": "core.escalaintervalo", "pk": 5213, "fields": {"escala": 776, "inicio": "08:10:00", "fim": "08:20:00", "descricao": "", "cor": "success", "atendimento": 170}}, {"model": "core.escalaintervalo", "pk": 5214, "fields": {"escala": 776, "inicio": "08:20:00", "fim": "08:30:00", "descricao": "", "cor": "success", "atendimento": 170}}, {"model": "core.escalaintervalo", "pk": 5215, "fields": {"escala": 776, "inicio": "08:30:00", "fim": "08:40:00", "descricao": "", "cor": "success", "atendimento": 178}}, {"model": "core.escalaintervalo", "pk": 5216, "fields": {"escala": 776, "inicio": "08:40:00", "fim": "08:50:00", "descricao": "", "cor": "success", "atendimento": 178}}, {"model": "core.escalaintervalo", "pk": 5217, "fields": {"escala": 776, "inicio": "08:50:00", "fim": "09:00:00", "descricao": "", "cor": "success", "atendimento": 178}}, {"model": "core.escalaintervalo", "pk": 5218, "fields": {"escala": 776, "inicio": "09:00:00", "fim": "09:10:00", "descricao": "", "cor": "success", "atendimento": 178}}, {"model": "core.escalaintervalo", "pk": 5219, "fields": {"escala": 776, "inicio": "09:10:00", "fim": "09:20:00", "descricao": "", "cor": "success", "atendimento": 178}}, {"model": "core.escalaintervalo", "pk": 5220, "fields": {"escala": 776, "inicio": "09:20:00", "fim": "09:30:00", "descricao": "", "cor": "success", "atendimento": 178}}, {"model": "core.escalaintervalo", "pk": 5221, "fields": {"escala": 776, "inicio": "09:30:00", "fim": "09:40:00", "descricao": "", "cor": "success", "atendimento": 179}}, {"model": "core.escalaintervalo", "pk": 5222, "fields": {"escala": 776, "inicio": "09:40:00", "fim": "09:50:00", "descricao": "", "cor": "success", "atendimento": 179}}, {"model": "core.escalaintervalo", "pk": 5223, "fields": {"escala": 776, "inicio": "09:50:00", "fim": "10:00:00", "descricao": "", "cor": "success", "atendimento": 179}}, {"model": "core.escalaintervalo", "pk": 5224, "fields": {"escala": 776, "inicio": "10:00:00", "fim": "10:10:00", "descricao": "", "cor": "success", "atendimento": 180}}, {"model": "core.escalaintervalo", "pk": 5225, "fields": {"escala": 776, "inicio": "10:10:00", "fim": "10:20:00", "descricao": "", "cor": "success", "atendimento": 180}}, {"model": "core.escalaintervalo", "pk": 5226, "fields": {"escala": 776, "inicio": "10:20:00", "fim": "10:30:00", "descricao": "", "cor": "success", "atendimento": 180}}, {"model": "core.escalaintervalo", "pk": 5227, "fields": {"escala": 776, "inicio": "10:30:00", "fim": "10:40:00", "descricao": "", "cor": "success", "atendimento": 180}}, {"model": "core.escalaintervalo", "pk": 5228, "fields": {"escala": 776, "inicio": "10:40:00", "fim": "10:50:00", "descricao": "", "cor": "success", "atendimento": 180}}, {"model": "core.escalaintervalo", "pk": 5229, "fields": {"escala": 776, "inicio": "10:50:00", "fim": "11:00:00", "descricao": "", "cor": "success", "atendimento": 180}}, {"model": "core.escalaintervalo", "pk": 5230, "fields": {"escala": 776, "inicio": "11:00:00", "fim": "11:10:00", "descricao": "", "cor": "success", "atendimento": 180}}, {"model": "core.escalaintervalo", "pk": 5231, "fields": {"escala": 776, "inicio": "11:10:00", "fim": "11:20:00", "descricao": "", "cor": "success", "atendimento": 180}}, {"model": "core.escalaintervalo", "pk": 5232, "fields": {"escala": 776, "inicio": "11:20:00", "fim": "11:30:00", "descricao": "", "cor": "success", "atendimento": 180}}, {"model": "core.escalaintervalo", "pk": 5233, "fields": {"escala": 776, "inicio": "11:30:00", "fim": "11:40:00", "descricao": "", "cor": "success", "atendimento": null}}, {"model": "core.escalaintervalo", "pk": 5234, "fields": {"escala": 776, "inicio": "11:40:00", "fim": "11:50:00", "descricao": "", "cor": "success", "atendimento": null}}, {"model": "core.escalaintervalo", "pk": 5235, "fields": {"escala": 776, "inicio": "11:50:00", "fim": "12:00:00", "descricao": "", "cor": "success", "atendimento": null}}, {"model": "core.escalaintervalo", "pk": 5236, "fields": {"escala": 777, "inicio": "08:00:00", "fim": "08:10:00", "descricao": "", "cor": "success", "atendimento": 172}}, {"model": "core.escalaintervalo", "pk": 5237, "fields": {"escala": 777, "inicio": "08:10:00", "fim": "08:20:00", "descricao": "", "cor": "success", "atendimento": 172}}, {"model": "core.escalaintervalo", "pk": 5238, "fields": {"escala": 777, "inicio": "08:20:00", "fim": "08:30:00", "descricao": "", "cor": "success", "atendimento": 172}}, {"model": "core.escalaintervalo", "pk": 5239, "fields": {"escala": 777, "inicio": "08:30:00", "fim": "08:40:00", "descricao": "", "cor": "success", "atendimento": 172}}, {"model": "core.escalaintervalo", "pk": 5240, "fields": {"escala": 777, "inicio": "08:40:00", "fim": "08:50:00", "descricao": "", "cor": "success", "atendimento": 172}}, {"model": "core.escalaintervalo", "pk": 5241, "fields": {"escala": 777, "inicio": "08:50:00", "fim": "09:00:00", "descricao": "", "cor": "success", "atendimento": 172}}, {"model": "core.escalaintervalo", "pk": 5242, "fields": {"escala": 777, "inicio": "09:00:00", "fim": "09:10:00", "descricao": "", "cor": "success", "atendimento": 184}}, {"model": "core.escalaintervalo", "pk": 5243, "fields": {"escala": 777, "inicio": "09:10:00", "fim": "09:20:00", "descricao": "", "cor": "success", "atendimento": 184}}, {"model": "core.escalaintervalo", "pk": 5244, "fields": {"escala": 777, "inicio": "09:20:00", "fim": "09:30:00", "descricao": "", "cor": "success", "atendimento": 184}}, {"model": "core.escalaintervalo", "pk": 5245, "fields": {"escala": 777, "inicio": "09:30:00", "fim": "09:40:00", "descricao": "", "cor": "success", "atendimento": 182}}, {"model": "core.escalaintervalo", "pk": 5246, "fields": {"escala": 777, "inicio": "09:40:00", "fim": "09:50:00", "descricao": "", "cor": "success", "atendimento": 182}}, {"model": "core.escalaintervalo", "pk": 5247, "fields": {"escala": 777, "inicio": "09:50:00", "fim": "10:00:00", "descricao": "", "cor": "success", "atendimento": 182}}, {"model": "core.escalaintervalo", "pk": 5248, "fields": {"escala": 777, "inicio": "10:00:00", "fim": "10:10:00", "descricao": "", "cor": "success", "atendimento": 182}}, {"model": "core.escalaintervalo", "pk": 5249, "fields": {"escala": 777, "inicio": "10:10:00", "fim": "10:20:00", "descricao": "", "cor": "success", "atendimento": 182}}, {"model": "core.escalaintervalo", "pk": 5250, "fields": {"escala": 777, "inicio": "10:20:00", "fim": "10:30:00", "descricao": "", "cor": "success", "atendimento": 182}}, {"model": "core.escalaintervalo", "pk": 5251, "fields": {"escala": 777, "inicio": "10:30:00", "fim": "10:40:00", "descricao": "", "cor": "success", "atendimento": 182}}, {"model": "core.escalaintervalo", "pk": 5252, "fields": {"escala": 777, "inicio": "10:40:00", "fim": "10:50:00", "descricao": "", "cor": "success", "atendimento": 182}}, {"model": "core.escalaintervalo", "pk": 5253, "fields": {"escala": 777, "inicio": "10:50:00", "fim": "11:00:00", "descricao": "", "cor": "success", "atendimento": 182}}, {"model": "core.escalaintervalo", "pk": 5254, "fields": {"escala": 777, "inicio": "11:00:00", "fim": "11:10:00", "descricao": "", "cor": "success", "atendimento": 174}}, {"model": "core.escalaintervalo", "pk": 5255, "fields": {"escala": 777, "inicio": "11:10:00", "fim": "11:20:00", "descricao": "", "cor": "success", "atendimento": 174}}, {"model": "core.escalaintervalo", "pk": 5256, "fields": {"escala": 777, "inicio": "11:20:00", "fim": "11:30:00", "descricao": "", "cor": "success", "atendimento": 174}}, {"model": "core.escalaintervalo", "pk": 5257, "fields": {"escala": 777, "inicio": "11:30:00", "fim": "11:40:00", "descricao": "", "cor": "success", "atendimento": 183}}, {"model": "core.escalaintervalo", "pk": 5258, "fields": {"escala": 777, "inicio": "11:40:00", "fim": "11:50:00", "descricao": "", "cor": "success", "atendimento": 183}}, {"model": "core.escalaintervalo", "pk": 5259, "fields": {"escala": 777, "inicio": "11:50:00", "fim": "12:00:00", "descricao": "", "cor": "success", "atendimento": 183}}, {"model": "core.escalaintervalo", "pk": 5260, "fields": {"escala": 778, "inicio": "08:00:00", "fim": "08:10:00", "descricao": "", "cor": "success", "atendimento": 173}}, {"model": "core.escalaintervalo", "pk": 5261, "fields": {"escala": 778, "inicio": "08:10:00", "fim": "08:20:00", "descricao": "", "cor": "success", "atendimento": 173}}, {"model": "core.escalaintervalo", "pk": 5262, "fields": {"escala": 778, "inicio": "08:20:00", "fim": "08:30:00", "descricao": "", "cor": "success", "atendimento": 173}}, {"model": "core.escalaintervalo", "pk": 5263, "fields": {"escala": 778, "inicio": "08:30:00", "fim": "08:40:00", "descricao": "", "cor": "success", "atendimento": 173}}, {"model": "core.escalaintervalo", "pk": 5264, "fields": {"escala": 778, "inicio": "08:40:00", "fim": "08:50:00", "descricao": "", "cor": "success", "atendimento": 173}}, {"model": "core.escalaintervalo", "pk": 5265, "fields": {"escala": 778, "inicio": "08:50:00", "fim": "09:00:00", "descricao": "", "cor": "success", "atendimento": 173}}, {"model": "core.escalaintervalo", "pk": 5266, "fields": {"escala": 778, "inicio": "09:00:00", "fim": "09:10:00", "descricao": "", "cor": "success", "atendimento": 173}}, {"model": "core.escalaintervalo", "pk": 5267, "fields": {"escala": 778, "inicio": "09:10:00", "fim": "09:20:00", "descricao": "", "cor": "success", "atendimento": 173}}, {"model": "core.escalaintervalo", "pk": 5268, "fields": {"escala": 778, "inicio": "09:20:00", "fim": "09:30:00", "descricao": "", "cor": "success", "atendimento": 173}}, {"model": "core.escalaintervalo", "pk": 5269, "fields": {"escala": 778, "inicio": "09:30:00", "fim": "09:40:00", "descricao": "", "cor": "success", "atendimento": null}}, {"model": "core.escalaintervalo", "pk": 5270, "fields": {"escala": 778, "inicio": "09:40:00", "fim": "09:50:00", "descricao": "", "cor": "success", "atendimento": null}}, {"model": "core.escalaintervalo", "pk": 5271, "fields": {"escala": 778, "inicio": "09:50:00", "fim": "10:00:00", "descricao": "", "cor": "success", "atendimento": null}}, {"model": "core.escalaintervalo", "pk": 5272, "fields": {"escala": 778, "inicio": "10:00:00", "fim": "10:10:00", "descricao": "", "cor": "success", "atendimento": null}}, {"model": "core.escalaintervalo", "pk": 5273, "fields": {"escala": 778, "inicio": "10:10:00", "fim": "10:20:00", "descricao": "", "cor": "success", "atendimento": null}}, {"model": "core.escalaintervalo", "pk": 5274, "fields": {"escala": 778, "inicio": "10:20:00", "fim": "10:30:00", "descricao": "", "cor": "success", "atendimento": null}}, {"model": "core.escalaintervalo", "pk": 5275, "fields": {"escala": 778, "inicio": "10:30:00", "fim": "10:40:00", "descricao": "", "cor": "success", "atendimento": null}}, {"model": "core.escalaintervalo", "pk": 5276, "fields": {"escala": 778, "inicio": "10:40:00", "fim": "10:50:00", "descricao": "", "cor": "success", "atendimento": null}}, {"model": "core.escalaintervalo", "pk": 5277, "fields": {"escala": 778, "inicio": "10:50:00", "fim": "11:00:00", "descricao": "", "cor": "success", "atendimento": null}}, {"model": "core.escalaintervalo", "pk": 5278, "fields": {"escala": 778, "inicio": "11:00:00", "fim": "11:10:00", "descricao": "", "cor": "success", "atendimento": 177}}, {"model": "core.escalaintervalo", "pk": 5279, "fields": {"escala": 778, "inicio": "11:10:00", "fim": "11:20:00", "descricao": "", "cor": "success", "atendimento": 177}}, {"model": "core.escalaintervalo", "pk": 5280, "fields": {"escala": 778, "inicio": "11:20:00", "fim": "11:30:00", "descricao": "", "cor": "success", "atendimento": 177}}, {"model": "core.escalaintervalo", "pk": 5281, "fields": {"escala": 778, "inicio": "11:30:00", "fim": "11:40:00", "descricao": "", "cor": "success", "atendimento": null}}, {"model": "core.escalaintervalo", "pk": 5282, "fields": {"escala": 778, "inicio": "11:40:00", "fim": "11:50:00", "descricao": "", "cor": "success", "atendimento": null}}, {"model": "core.escalaintervalo", "pk": 5283, "fields": {"escala": 778, "inicio": "11:50:00", "fim": "12:00:00", "descricao": "", "cor": "success", "atendimento": null}}, {"model": "core.escalaintervalo", "pk": 5284, "fields": {"escala": 779, "inicio": "08:00:00", "fim": "08:10:00", "descricao": "", "cor": "success", "atendimento": null}}, {"model": "core.escalaintervalo", "pk": 5285, "fields": {"escala": 779, "inicio": "08:10:00", "fim": "08:20:00", "descricao": "", "cor": "success", "atendimento": null}}, {"model": "core.escalaintervalo", "pk": 5286, "fields": {"escala": 779, "inicio": "08:20:00", "fim": "08:30:00", "descricao": "", "cor": "success", "atendimento": null}}, {"model": "core.escalaintervalo", "pk": 5287, "fields": {"escala": 779, "inicio": "08:30:00", "fim": "08:40:00", "descricao": "", "cor": "success", "atendimento": null}}, {"model": "core.escalaintervalo", "pk": 5288, "fields": {"escala": 779, "inicio": "08:40:00", "fim": "08:50:00", "descricao": "", "cor": "success", "atendimento": null}}, {"model": "core.escalaintervalo", "pk": 5289, "fields": {"escala": 779, "inicio": "08:50:00", "fim": "09:00:00", "descricao": "", "cor": "success", "atendimento": null}}, {"model": "core.escalaintervalo", "pk": 5290, "fields": {"escala": 779, "inicio": "09:00:00", "fim": "09:10:00", "descricao": "", "cor": "success", "atendimento": null}}, {"model": "core.escalaintervalo", "pk": 5291, "fields": {"escala": 779, "inicio": "09:10:00", "fim": "09:20:00", "descricao": "", "cor": "success", "atendimento": null}}, {"model": "core.escalaintervalo", "pk": 5292, "fields": {"escala": 779, "inicio": "09:20:00", "fim": "09:30:00", "descricao": "", "cor": "success", "atendimento": null}}, {"model": "core.escalaintervalo", "pk": 5293, "fields": {"escala": 779, "inicio": "09:30:00", "fim": "09:40:00", "descricao": "", "cor": "success", "atendimento": null}}, {"model": "core.escalaintervalo", "pk": 5294, "fields": {"escala": 779, "inicio": "09:40:00", "fim": "09:50:00", "descricao": "", "cor": "success", "atendimento": null}}, {"model": "core.escalaintervalo", "pk": 5295, "fields": {"escala": 779, "inicio": "09:50:00", "fim": "10:00:00", "descricao": "", "cor": "success", "atendimento": null}}, {"model": "core.escalaintervalo", "pk": 5296, "fields": {"escala": 779, "inicio": "10:00:00", "fim": "10:10:00", "descricao": "", "cor": "success", "atendimento": null}}, {"model": "core.escalaintervalo", "pk": 5297, "fields": {"escala": 779, "inicio": "10:10:00", "fim": "10:20:00", "descricao": "", "cor": "success", "atendimento": null}}, {"model": "core.escalaintervalo", "pk": 5298, "fields": {"escala": 779, "inicio": "10:20:00", "fim": "10:30:00", "descricao": "", "cor": "success", "atendimento": null}}, {"model": "core.escalaintervalo", "pk": 5299, "fields": {"escala": 779, "inicio": "10:30:00", "fim": "10:40:00", "descricao": "", "cor": "success", "atendimento": null}}, {"model": "core.escalaintervalo", "pk": 5300, "fields": {"escala": 779, "inicio": "10:40:00", "fim": "10:50:00", "descricao": "", "cor": "success", "atendimento": null}}, {"model": "core.escalaintervalo", "pk": 5301, "fields": {"escala": 779, "inicio": "10:50:00", "fim": "11:00:00", "descricao": "", "cor": "success", "atendimento": null}}, {"model": "core.escalaintervalo", "pk": 5302, "fields": {"escala": 779, "inicio": "11:00:00", "fim": "11:10:00", "descricao": "", "cor": "success", "atendimento": null}}, {"model": "core.escalaintervalo", "pk": 5303, "fields": {"escala": 779, "inicio": "11:10:00", "fim": "11:20:00", "descricao": "", "cor": "success", "atendimento": null}}, {"model": "core.escalaintervalo", "pk": 5304, "fields": {"escala": 779, "inicio": "11:20:00", "fim": "11:30:00", "descricao": "", "cor": "success", "atendimento": null}}, {"model": "core.escalaintervalo", "pk": 5305, "fields": {"escala": 779, "inicio": "11:30:00", "fim": "11:40:00", "descricao": "", "cor": "success", "atendimento": null}}, {"model": "core.escalaintervalo", "pk": 5306, "fields": {"escala": 779, "inicio": "11:40:00", "fim": "11:50:00", "descricao": "", "cor": "success", "atendimento": null}}, {"model": "core.escalaintervalo", "pk": 5307, "fields": {"escala": 779, "inicio": "11:50:00", "fim": "12:00:00", "descricao": "", "cor": "success", "atendimento": null}}, {"model": "core.atendimento", "pk": 170, "fields": {"data_cadastro": "2020-08-01T14:53:46.169", "date_modificado": "2020-08-01T14:53:46.285", "paciente": 2, "tipoAtendimento": 1, "intervalo": 5212, "departamentoProfissional": 7, "retorno": false, "valor": "100.00", "tempo": "00:30:00", "inicio_atendimento": "08:00:00", "fim_atendimento": "08:30:00", "pago": true}}, {"model": "core.atendimento", "pk": 171, "fields": {"data_cadastro": "2020-08-01T14:53:57.044", "date_modificado": "2020-08-01T14:53:57.144", "paciente": 1, "tipoAtendimento": 1, "intervalo": 5195, "departamentoProfissional": 7, "retorno": false, "valor": "100.00", "tempo": "00:30:00", "inicio_atendimento": "09:10:00", "fim_atendimento": "09:40:00", "pago": true}}, {"model": "core.atendimento", "pk": 172, "fields": {"data_cadastro": "2020-08-01T14:54:46.195", "date_modificado": "2020-08-01T14:54:46.400", "paciente": 1, "tipoAtendimento": 3, "intervalo": 5236, "departamentoProfissional": 7, "retorno": false, "valor": "50.00", "tempo": "01:00:00", "inicio_atendimento": "08:00:00", "fim_atendimento": "09:00:00", "pago": true}}, {"model": "core.atendimento", "pk": 173, "fields": {"data_cadastro": "2020-08-01T14:54:56.275", "date_modificado": "2020-08-01T14:54:56.357", "paciente": 1, "tipoAtendimento": 2, "intervalo": 5260, "departamentoProfissional": 7, "retorno": false, "valor": "200.00", "tempo": "01:30:00", "inicio_atendimento": "08:00:00", "fim_atendimento": "09:30:00", "pago": true}}, {"model": "core.atendimento", "pk": 174, "fields": {"data_cadastro": "2020-08-01T15:45:12.315", "date_modificado": "2020-08-01T15:45:12.751", "paciente": 4, "tipoAtendimento": 1, "intervalo": 5254, "departamentoProfissional": 7, "retorno": false, "valor": "100.00", "tempo": "00:30:00", "inicio_atendimento": "11:00:00", "fim_atendimento": "11:30:00", "pago": true}}, {"model": "core.atendimento", "pk": 177, "fields": {"data_cadastro": "2020-08-01T15:45:51.409", "date_modificado": "2020-08-01T15:45:51.598", "paciente": 3, "tipoAtendimento": 1, "intervalo": 5278, "departamentoProfissional": 7, "retorno": false, "valor": "100.00", "tempo": "00:30:00", "inicio_atendimento": "11:00:00", "fim_atendimento": "11:30:00", "pago": true}}, {"model": "core.atendimento", "pk": 178, "fields": {"data_cadastro": "2020-08-02T02:32:11.581", "date_modificado": "2020-08-02T02:32:11.848", "paciente": 3, "tipoAtendimento": 3, "intervalo": 5215, "departamentoProfissional": 7, "retorno": false, "valor": "50.00", "tempo": "01:00:00", "inicio_atendimento": "08:30:00", "fim_atendimento": "09:30:00", "pago": true}}, {"model": "core.atendimento", "pk": 179, "fields": {"data_cadastro": "2020-08-02T02:32:19.048", "date_modificado": "2020-08-02T02:32:19.705", "paciente": 4, "tipoAtendimento": 1, "intervalo": 5221, "departamentoProfissional": 7, "retorno": false, "valor": "100.00", "tempo": "00:30:00", "inicio_atendimento": "09:30:00", "fim_atendimento": "10:00:00", "pago": true}}, {"model": "core.atendimento", "pk": 180, "fields": {"data_cadastro": "2020-08-02T02:32:40.699", "date_modificado": "2020-08-02T02:32:41.150", "paciente": 1, "tipoAtendimento": 2, "intervalo": 5224, "departamentoProfissional": 7, "retorno": false, "valor": "200.00", "tempo": "01:30:00", "inicio_atendimento": "10:00:00", "fim_atendimento": "11:30:00", "pago": true}}, {"model": "core.atendimento", "pk": 181, "fields": {"data_cadastro": "2020-08-02T02:32:58.536", "date_modificado": "2020-08-02T02:32:58.801", "paciente": 3, "tipoAtendimento": 2, "intervalo": 5203, "departamentoProfissional": 7, "retorno": false, "valor": "200.00", "tempo": "01:30:00", "inicio_atendimento": "10:30:00", "fim_atendimento": "12:00:00", "pago": true}}, {"model": "core.atendimento", "pk": 182, "fields": {"data_cadastro": "2020-08-02T02:36:59.147", "date_modificado": "2020-08-02T02:36:59.554", "paciente": 5, "tipoAtendimento": 2, "intervalo": 5245, "departamentoProfissional": 7, "retorno": false, "valor": "200.00", "tempo": "01:30:00", "inicio_atendimento": "09:30:00", "fim_atendimento": "11:00:00", "pago": true}}, {"model": "core.atendimento", "pk": 183, "fields": {"data_cadastro": "2020-08-02T02:37:15.264", "date_modificado": "2020-08-02T02:37:15.488", "paciente": 2, "tipoAtendimento": 1, "intervalo": 5257, "departamentoProfissional": 7, "retorno": false, "valor": "100.00", "tempo": "00:30:00", "inicio_atendimento": "11:30:00", "fim_atendimento": "12:00:00", "pago": true}}, {"model": "core.atendimento", "pk": 184, "fields": {"data_cadastro": "2020-08-02T02:37:28.163", "date_modificado": "2020-08-02T02:37:28.334", "paciente": 3, "tipoAtendimento": 1, "intervalo": 5242, "departamentoProfissional": 7, "retorno": false, "valor": "100.00", "tempo": "00:30:00", "inicio_atendimento": "09:00:00", "fim_atendimento": "09:30:00", "pago": true}}, {"model": "auth.permission", "pk": 1, "fields": {"name": "Can add log entry", "content_type": 1, "codename": "add_logentry"}}, {"model": "auth.permission", "pk": 2, "fields": {"name": "Can change log entry", "content_type": 1, "codename": "change_logentry"}}, {"model": "auth.permission", "pk": 3, "fields": {"name": "Can delete log entry", "content_type": 1, "codename": "delete_logentry"}}, {"model": "auth.permission", "pk": 4, "fields": {"name": "Can view log entry", "content_type": 1, "codename": "view_logentry"}}, {"model": "auth.permission", "pk": 5, "fields": {"name": "Can add permission", "content_type": 2, "codename": "add_permission"}}, {"model": "auth.permission", "pk": 6, "fields": {"name": "Can change permission", "content_type": 2, "codename": "change_permission"}}, {"model": "auth.permission", "pk": 7, "fields": {"name": "Can delete permission", "content_type": 2, "codename": "delete_permission"}}, {"model": "auth.permission", "pk": 8, "fields": {"name": "Can view permission", "content_type": 2, "codename": "view_permission"}}, {"model": "auth.permission", "pk": 9, "fields": {"name": "Can add group", "content_type": 3, "codename": "add_group"}}, {"model": "auth.permission", "pk": 10, "fields": {"name": "Can change group", "content_type": 3, "codename": "change_group"}}, {"model": "auth.permission", "pk": 11, "fields": {"name": "Can delete group", "content_type": 3, "codename": "delete_group"}}, {"model": "auth.permission", "pk": 12, "fields": {"name": "Can view group", "content_type": 3, "codename": "view_group"}}, {"model": "auth.permission", "pk": 13, "fields": {"name": "Can add user", "content_type": 4, "codename": "add_user"}}, {"model": "auth.permission", "pk": 14, "fields": {"name": "Can change user", "content_type": 4, "codename": "change_user"}}, {"model": "auth.permission", "pk": 15, "fields": {"name": "Can delete user", "content_type": 4, "codename": "delete_user"}}, {"model": "auth.permission", "pk": 16, "fields": {"name": "Can view user", "content_type": 4, "codename": "view_user"}}, {"model": "auth.permission", "pk": 17, "fields": {"name": "Can add content type", "content_type": 5, "codename": "add_contenttype"}}, {"model": "auth.permission", "pk": 18, "fields": {"name": "Can change content type", "content_type": 5, "codename": "change_contenttype"}}, {"model": "auth.permission", "pk": 19, "fields": {"name": "Can delete content type", "content_type": 5, "codename": "delete_contenttype"}}, {"model": "auth.permission", "pk": 20, "fields": {"name": "Can view content type", "content_type": 5, "codename": "view_contenttype"}}, {"model": "auth.permission", "pk": 21, "fields": {"name": "Can add session", "content_type": 6, "codename": "add_session"}}, {"model": "auth.permission", "pk": 22, "fields": {"name": "Can change session", "content_type": 6, "codename": "change_session"}}, {"model": "auth.permission", "pk": 23, "fields": {"name": "Can delete session", "content_type": 6, "codename": "delete_session"}}, {"model": "auth.permission", "pk": 24, "fields": {"name": "Can view session", "content_type": 6, "codename": "view_session"}}, {"model": "auth.permission", "pk": 25, "fields": {"name": "Can add Global Permission", "content_type": 7, "codename": "add_globalpermission"}}, {"model": "auth.permission", "pk": 26, "fields": {"name": "Can change Global Permission", "content_type": 7, "codename": "change_globalpermission"}}, {"model": "auth.permission", "pk": 27, "fields": {"name": "Can delete Global Permission", "content_type": 7, "codename": "delete_globalpermission"}}, {"model": "auth.permission", "pk": 28, "fields": {"name": "Can view Global Permission", "content_type": 7, "codename": "view_globalpermission"}}, {"model": "auth.permission", "pk": 29, "fields": {"name": "Can add Token", "content_type": 8, "codename": "add_token"}}, {"model": "auth.permission", "pk": 30, "fields": {"name": "Can change Token", "content_type": 8, "codename": "change_token"}}, {"model": "auth.permission", "pk": 31, "fields": {"name": "Can delete Token", "content_type": 8, "codename": "delete_token"}}, {"model": "auth.permission", "pk": 32, "fields": {"name": "Can view Token", "content_type": 8, "codename": "view_token"}}, {"model": "auth.permission", "pk": 33, "fields": {"name": "Can add AREA ATENDIMENTO", "content_type": 9, "codename": "add_areaatendimento"}}, {"model": "auth.permission", "pk": 34, "fields": {"name": "Can change AREA ATENDIMENTO", "content_type": 9, "codename": "change_areaatendimento"}}, {"model": "auth.permission", "pk": 35, "fields": {"name": "Can delete AREA ATENDIMENTO", "content_type": 9, "codename": "delete_areaatendimento"}}, {"model": "auth.permission", "pk": 36, "fields": {"name": "Can view AREA ATENDIMENTO", "content_type": 9, "codename": "view_areaatendimento"}}, {"model": "auth.permission", "pk": 37, "fields": {"name": "Can add DEPARTAMENTO", "content_type": 10, "codename": "add_departamento"}}, {"model": "auth.permission", "pk": 38, "fields": {"name": "Can change DEPARTAMENTO", "content_type": 10, "codename": "change_departamento"}}, {"model": "auth.permission", "pk": 39, "fields": {"name": "Can delete DEPARTAMENTO", "content_type": 10, "codename": "delete_departamento"}}, {"model": "auth.permission", "pk": 40, "fields": {"name": "Can view DEPARTAMENTO", "content_type": 10, "codename": "view_departamento"}}, {"model": "auth.permission", "pk": 41, "fields": {"name": "Can add EMPRESA", "content_type": 11, "codename": "add_empresa"}}, {"model": "auth.permission", "pk": 42, "fields": {"name": "Can change EMPRESA", "content_type": 11, "codename": "change_empresa"}}, {"model": "auth.permission", "pk": 43, "fields": {"name": "Can delete EMPRESA", "content_type": 11, "codename": "delete_empresa"}}, {"model": "auth.permission", "pk": 44, "fields": {"name": "Can view EMPRESA", "content_type": 11, "codename": "view_empresa"}}, {"model": "auth.permission", "pk": 45, "fields": {"name": "Can add TIPO DE ATENDIMENTO", "content_type": 12, "codename": "add_tipoatendimento"}}, {"model": "auth.permission", "pk": 46, "fields": {"name": "Can change TIPO DE ATENDIMENTO", "content_type": 12, "codename": "change_tipoatendimento"}}, {"model": "auth.permission", "pk": 47, "fields": {"name": "Can delete TIPO DE ATENDIMENTO", "content_type": 12, "codename": "delete_tipoatendimento"}}, {"model": "auth.permission", "pk": 48, "fields": {"name": "Can view TIPO DE ATENDIMENTO", "content_type": 12, "codename": "view_tipoatendimento"}}, {"model": "auth.permission", "pk": 49, "fields": {"name": "Can add USUARIO", "content_type": 13, "codename": "add_userprofile"}}, {"model": "auth.permission", "pk": 50, "fields": {"name": "Can change USUARIO", "content_type": 13, "codename": "change_userprofile"}}, {"model": "auth.permission", "pk": 51, "fields": {"name": "Can delete USUARIO", "content_type": 13, "codename": "delete_userprofile"}}, {"model": "auth.permission", "pk": 52, "fields": {"name": "Can view USUARIO", "content_type": 13, "codename": "view_userprofile"}}, {"model": "auth.permission", "pk": 53, "fields": {"name": "Can add TIPO DE PROFISSIONAL", "content_type": 14, "codename": "add_tipoprofissional"}}, {"model": "auth.permission", "pk": 54, "fields": {"name": "Can change TIPO DE PROFISSIONAL", "content_type": 14, "codename": "change_tipoprofissional"}}, {"model": "auth.permission", "pk": 55, "fields": {"name": "Can delete TIPO DE PROFISSIONAL", "content_type": 14, "codename": "delete_tipoprofissional"}}, {"model": "auth.permission", "pk": 56, "fields": {"name": "Can view TIPO DE PROFISSIONAL", "content_type": 14, "codename": "view_tipoprofissional"}}, {"model": "auth.permission", "pk": 57, "fields": {"name": "Can add PROFISSIONAL", "content_type": 15, "codename": "add_profissional"}}, {"model": "auth.permission", "pk": 58, "fields": {"name": "Can change PROFISSIONAL", "content_type": 15, "codename": "change_profissional"}}, {"model": "auth.permission", "pk": 59, "fields": {"name": "Can delete PROFISSIONAL", "content_type": 15, "codename": "delete_profissional"}}, {"model": "auth.permission", "pk": 60, "fields": {"name": "Can view PROFISSIONAL", "content_type": 15, "codename": "view_profissional"}}, {"model": "auth.permission", "pk": 61, "fields": {"name": "Can add departamento profissional", "content_type": 16, "codename": "add_departamentoprofissional"}}, {"model": "auth.permission", "pk": 62, "fields": {"name": "Can change departamento profissional", "content_type": 16, "codename": "change_departamentoprofissional"}}, {"model": "auth.permission", "pk": 63, "fields": {"name": "Can delete departamento profissional", "content_type": 16, "codename": "delete_departamentoprofissional"}}, {"model": "auth.permission", "pk": 64, "fields": {"name": "Can view departamento profissional", "content_type": 16, "codename": "view_departamentoprofissional"}}, {"model": "auth.permission", "pk": 65, "fields": {"name": "Can add CLIENTE", "content_type": 17, "codename": "add_cliente"}}, {"model": "auth.permission", "pk": 66, "fields": {"name": "Can change CLIENTE", "content_type": 17, "codename": "change_cliente"}}, {"model": "auth.permission", "pk": 67, "fields": {"name": "Can delete CLIENTE", "content_type": 17, "codename": "delete_cliente"}}, {"model": "auth.permission", "pk": 68, "fields": {"name": "Can view CLIENTE", "content_type": 17, "codename": "view_cliente"}}, {"model": "auth.permission", "pk": 69, "fields": {"name": "Can add ATENDENTE", "content_type": 18, "codename": "add_atendente"}}, {"model": "auth.permission", "pk": 70, "fields": {"name": "Can change ATENDENTE", "content_type": 18, "codename": "change_atendente"}}, {"model": "auth.permission", "pk": 71, "fields": {"name": "Can delete ATENDENTE", "content_type": 18, "codename": "delete_atendente"}}, {"model": "auth.permission", "pk": 72, "fields": {"name": "Can view ATENDENTE", "content_type": 18, "codename": "view_atendente"}}, {"model": "auth.permission", "pk": 73, "fields": {"name": "Can add ESCALA", "content_type": 19, "codename": "add_escala"}}, {"model": "auth.permission", "pk": 74, "fields": {"name": "Can change ESCALA", "content_type": 19, "codename": "change_escala"}}, {"model": "auth.permission", "pk": 75, "fields": {"name": "Can delete ESCALA", "content_type": 19, "codename": "delete_escala"}}, {"model": "auth.permission", "pk": 76, "fields": {"name": "Can view ESCALA", "content_type": 19, "codename": "view_escala"}}, {"model": "auth.permission", "pk": 77, "fields": {"name": "Can add escala intervalo", "content_type": 20, "codename": "add_escalaintervalo"}}, {"model": "auth.permission", "pk": 78, "fields": {"name": "Can change escala intervalo", "content_type": 20, "codename": "change_escalaintervalo"}}, {"model": "auth.permission", "pk": 79, "fields": {"name": "Can delete escala intervalo", "content_type": 20, "codename": "delete_escalaintervalo"}}, {"model": "auth.permission", "pk": 80, "fields": {"name": "Can view escala intervalo", "content_type": 20, "codename": "view_escalaintervalo"}}, {"model": "auth.permission", "pk": 81, "fields": {"name": "Can add ATENDIMENTO", "content_type": 21, "codename": "add_atendimento"}}, {"model": "auth.permission", "pk": 82, "fields": {"name": "Can change ATENDIMENTO", "content_type": 21, "codename": "change_atendimento"}}, {"model": "auth.permission", "pk": 83, "fields": {"name": "Can delete ATENDIMENTO", "content_type": 21, "codename": "delete_atendimento"}}, {"model": "auth.permission", "pk": 84, "fields": {"name": "Can view ATENDIMENTO", "content_type": 21, "codename": "view_atendimento"}}, {"model": "auth.permission", "pk": 85, "fields": {"name": "Can add LatLng", "content_type": 22, "codename": "add_latlng"}}, {"model": "auth.permission", "pk": 86, "fields": {"name": "Can change LatLng", "content_type": 22, "codename": "change_latlng"}}, {"model": "auth.permission", "pk": 87, "fields": {"name": "Can delete LatLng", "content_type": 22, "codename": "delete_latlng"}}, {"model": "auth.permission", "pk": 88, "fields": {"name": "Can view LatLng", "content_type": 22, "codename": "view_latlng"}}, {"model": "auth.permission", "pk": 89, "fields": {"name": "Can add paciente", "content_type": 23, "codename": "add_paciente"}}, {"model": "auth.permission", "pk": 90, "fields": {"name": "Can change paciente", "content_type": 23, "codename": "change_paciente"}}, {"model": "auth.permission", "pk": 91, "fields": {"name": "Can delete paciente", "content_type": 23, "codename": "delete_paciente"}}, {"model": "auth.permission", "pk": 92, "fields": {"name": "Can view paciente", "content_type": 23, "codename": "view_paciente"}}, {"model": "auth.permission", "pk": 93, "fields": {"name": "Can add paciente departamento profissional", "content_type": 24, "codename": "add_pacientedepartamentoprofissional"}}, {"model": "auth.permission", "pk": 94, "fields": {"name": "Can change paciente departamento profissional", "content_type": 24, "codename": "change_pacientedepartamentoprofissional"}}, {"model": "auth.permission", "pk": 95, "fields": {"name": "Can delete paciente departamento profissional", "content_type": 24, "codename": "delete_pacientedepartamentoprofissional"}}, {"model": "auth.permission", "pk": 96, "fields": {"name": "Can view paciente departamento profissional", "content_type": 24, "codename": "view_pacientedepartamentoprofissional"}}, {"model": "auth.permission", "pk": 97, "fields": {"name": "Can add prontuario", "content_type": 25, "codename": "add_prontuario"}}, {"model": "auth.permission", "pk": 98, "fields": {"name": "Can change prontuario", "content_type": 25, "codename": "change_prontuario"}}, {"model": "auth.permission", "pk": 99, "fields": {"name": "Can delete prontuario", "content_type": 25, "codename": "delete_prontuario"}}, {"model": "auth.permission", "pk": 100, "fields": {"name": "Can view prontuario", "content_type": 25, "codename": "view_prontuario"}}, {"model": "auth.permission", "pk": 101, "fields": {"name": "Painel Geral | Ver", "content_type": 7, "codename": "ver_painel_geral"}}, {"model": "auth.permission", "pk": 102, "fields": {"name": "Painel Profissional | Ver", "content_type": 7, "codename": "ver_painel_profissional"}}, {"model": "auth.permission", "pk": 103, "fields": {"name": "Minha Escala | Ver", "content_type": 7, "codename": "ver_minha_escala"}}, {"model": "auth.permission", "pk": 104, "fields": {"name": "Meus Pacientes | Ver", "content_type": 7, "codename": "ver_meus_pacientes"}}, {"model": "auth.permission", "pk": 105, "fields": {"name": "Meus Atendimentos | Ver", "content_type": 7, "codename": "ver_meus_atendimentos"}}, {"model": "auth.permission", "pk": 106, "fields": {"name": "Relatorio | Ver", "content_type": 7, "codename": "ver_relatorio_profissional"}}, {"model": "auth.permission", "pk": 107, "fields": {"name": "Prontuario | Ver", "content_type": 7, "codename": "ver_prontuario"}}, {"model": "auth.group", "pk": 1, "fields": {"name": "Gerenciador", "permissions": [101]}}, {"model": "auth.group", "pk": 2, "fields": {"name": "Atendente", "permissions": [101]}}, {"model": "auth.group", "pk": 3, "fields": {"name": "Profissional", "permissions": [105, 104, 103, 102]}}, {"model": "auth.group", "pk": 4, "fields": {"name": "Cliente", "permissions": []}}, {"model": "auth.user", "pk": 1, "fields": {"password": "pbkdf2_sha256$180000$P2rHxLQ7Ty33$g8hR0aE4yYBcQpI1BbEDDS25/yqSPfeUq4QU1oTJNJ8=", "last_login": "2020-08-03T20:50:56.536", "is_superuser": true, "username": "admin", "first_name": "", "last_name": "", "email": "admin@gmail.com", "is_staff": true, "is_active": true, "date_joined": "2020-05-05T13:48:58.295", "groups": [], "user_permissions": []}}, {"model": "auth.user", "pk": 2, "fields": {"password": "pbkdf2_sha256$180000$w5q72dCOaLlL$NYkrKzCUXh60JYLGLwops7kNgDCRabo6PaYcnMFsef4=", "last_login": "2020-08-04T16:23:44.418", "is_superuser": false, "username": "erky", "first_name": "", "last_name": "", "email": "", "is_staff": true, "is_active": true, "date_joined": "2020-05-05T13:51:49", "groups": [], "user_permissions": []}}, {"model": "auth.user", "pk": 22, "fields": {"password": "pbkdf2_sha256$180000$1OPI0AsfRfix$6kljSecLsqbLPQz9CcOkKgz2TF7rlt71BviHY6H0ZiQ=", "last_login": "2020-08-04T16:10:41.947", "is_superuser": false, "username": "erkylima", "first_name": "", "last_name": "", "email": "", "is_staff": false, "is_active": true, "date_joined": "2020-06-07T02:36:50.036", "groups": [3], "user_permissions": []}}, {"model": "auth.user", "pk": 23, "fields": {"password": "pbkdf2_sha256$180000$3ucZcxSddIm1$imJS6+sFMALcbcZwG+nDAj1xCfXD8oupavq/XbslxgU=", "last_login": "2020-06-07T02:40:21.733", "is_superuser": false, "username": "pedrito", "first_name": "", "last_name": "", "email": "", "is_staff": false, "is_active": true, "date_joined": "2020-06-07T02:38:32.107", "groups": [4], "user_permissions": []}}, {"model": "auth.user", "pk": 24, "fields": {"password": "pbkdf2_sha256$180000$zf2csl5zrvKX$VCCvjp9JYHQLsfwiSJba1cu8rT87Q/hnqkjdKmwuzao=", "last_login": null, "is_superuser": false, "username": "JAKE", "first_name": "", "last_name": "", "email": "", "is_staff": false, "is_active": true, "date_joined": "2020-06-10T01:38:07.639", "groups": [3], "user_permissions": []}}, {"model": "auth.user", "pk": 25, "fields": {"password": "pbkdf2_sha256$180000$LWIe5bGk1fCj$YKLjlw2tMmzeJ2tvxe4A3Zgl0cKJjNTKTNjYG81xgDM=", "last_login": "2020-08-04T16:20:28.501", "is_superuser": false, "username": "rochelle", "first_name": "", "last_name": "", "email": "", "is_staff": false, "is_active": true, "date_joined": "2020-06-10T01:50:48.054", "groups": [2], "user_permissions": []}}, {"model": "auth.user", "pk": 26, "fields": {"password": "pbkdf2_sha256$180000$SNKCUDBbg5b6$2GCUw9j5N6VkM35iXj2o/+rHKf2SFmQolITWPOonfoM=", "last_login": "2020-07-18T04:34:55.842", "is_superuser": false, "username": "heldon", "first_name": "", "last_name": "", "email": "", "is_staff": false, "is_active": true, "date_joined": "2020-06-30T18:14:49.160", "groups": [3], "user_permissions": []}}, {"model": "auth.user", "pk": 27, "fields": {"password": "pbkdf2_sha256$180000$UwlzVar0pwzB$mlcEOd/aziNGjlOuAUAHqfNwWMmDP+I1JDUi605iic8=", "last_login": "2020-08-01T16:22:24.616", "is_superuser": false, "username": "joao", "first_name": "", "last_name": "", "email": "", "is_staff": false, "is_active": true, "date_joined": "2020-07-02T11:41:23.355", "groups": [1], "user_permissions": []}}, {"model": "auth.user", "pk": 28, "fields": {"password": "pbkdf2_sha256$180000$pYspFeMUDyXi$nTVR6msiPeObebW3twCgwvkylJRXFcU56xfyUO9PHQU=", "last_login": null, "is_superuser": false, "username": "joaozito", "first_name": "", "last_name": "", "email": "", "is_staff": false, "is_active": true, "date_joined": "2020-07-08T00:55:51.064", "groups": [4], "user_permissions": []}}, {"model": "core.userprofile", "pk": 1, "fields": {"data_cadastro": "2020-05-05T13:53:27.730", "date_modificado": "2020-05-05T13:53:27.730", "user": 2, "empresa": 1, "nome": "\u00c9RKY VIN\u00cdCIUS DE LIMA SANTOS", "usuario": "ERKY", "email": "erkylima@gmail.com", "senha": "ADMIN321", "perfil": 1, "ativo": true}}, {"model": "core.userprofile", "pk": 2, "fields": {"data_cadastro": "2020-07-02T11:41:24.531", "date_modificado": "2020-07-02T11:41:24.872", "user": 27, "empresa": 1, "nome": "JOAO", "usuario": "JOAO", "email": "joao@gmail.com", "senha": "", "perfil": 1, "ativo": false}}, {"model": "core.atendente", "pk": 4, "fields": {"data_cadastro": "2020-06-10T01:50:48.473", "date_modificado": "2020-06-10T01:50:48.558", "user": 25, "departamento": 1, "nome": "ROCHELLE", "usuario": "ROCHELLE", "email": "rochelle@gmail.com", "senha": "", "perfil": 2, "ativo": false}}, {"model": "core.cliente", "pk": 5, "fields": {"data_cadastro": "2020-06-07T02:38:32.474", "date_modificado": "2020-07-08T01:21:54.749", "user": 23, "nome": "PEDRITO", "usuario": "PEDRITO", "email": "pedrito@gmail.com", "senha": "", "perfil": 4, "ativo": false, "cliente_app": "506"}}, {"model": "core.cliente", "pk": 6, "fields": {"data_cadastro": "2020-07-08T00:55:51.663", "date_modificado": "2020-07-08T00:55:51.837", "user": 28, "nome": "JOAOZITO", "usuario": "JOAOZITO", "email": "joaozito@gmail.com", "senha": "", "perfil": 4, "ativo": false, "cliente_app": ""}}, {"model": "core.profissional", "pk": 7, "fields": {"data_cadastro": "2020-06-07T02:36:50.474", "date_modificado": "2020-06-07T02:36:50.621", "user": 22, "nome": "\u00c9RKY LIMA", "codigo": "CRO0192", "usuario": "ERKYLIMA", "email": "erkylima@gmail.com", "senha": "", "perfil": 3, "ativo": false, "tiposAtendimentos": [1, 2, 3]}}, {"model": "core.profissional", "pk": 9, "fields": {"data_cadastro": "2020-06-30T18:14:49.932", "date_modificado": "2020-06-30T18:14:50.180", "user": 26, "nome": "HELDON JOS\u00c9", "codigo": "CRM1023", "usuario": "HELDON", "email": "heldonjose@gmail.com", "senha": "", "perfil": 3, "ativo": false, "tiposAtendimentos": [1, 2, 3]}}, {"model": "admin.logentry", "pk": 1, "fields": {"action_time": "2020-05-05T13:49:57.767", "user": 1, "content_type": 11, "object_id": "1", "object_repr": "MAISSAUDE", "action_flag": 1, "change_message": "[{\"added\": {}}]"}}, {"model": "admin.logentry", "pk": 2, "fields": {"action_time": "2020-05-05T13:50:20.410", "user": 1, "content_type": 9, "object_id": "1", "object_repr": "GERAL", "action_flag": 1, "change_message": "[{\"added\": {}}]"}}, {"model": "admin.logentry", "pk": 3, "fields": {"action_time": "2020-05-05T13:50:43.853", "user": 1, "content_type": 10, "object_id": "1", "object_repr": "POLO FLORESTA", "action_flag": 1, "change_message": "[{\"added\": {}}]"}}, {"model": "admin.logentry", "pk": 4, "fields": {"action_time": "2020-05-05T13:51:18.397", "user": 1, "content_type": 14, "object_id": "1", "object_repr": "CIRURGI\u00c3O DENTISTA", "action_flag": 1, "change_message": "[{\"added\": {}}]"}}, {"model": "admin.logentry", "pk": 5, "fields": {"action_time": "2020-05-05T13:51:49.791", "user": 1, "content_type": 4, "object_id": "2", "object_repr": "erky", "action_flag": 1, "change_message": "[{\"added\": {}}]"}}, {"model": "admin.logentry", "pk": 6, "fields": {"action_time": "2020-05-05T13:53:12.615", "user": 1, "content_type": 3, "object_id": "1", "object_repr": "Gerenciador", "action_flag": 1, "change_message": "[{\"added\": {}}]"}}, {"model": "admin.logentry", "pk": 7, "fields": {"action_time": "2020-05-05T13:53:19.798", "user": 1, "content_type": 3, "object_id": "2", "object_repr": "Atendente", "action_flag": 1, "change_message": "[{\"added\": {}}]"}}, {"model": "admin.logentry", "pk": 8, "fields": {"action_time": "2020-05-05T13:53:27.732", "user": 1, "content_type": 13, "object_id": "1", "object_repr": "\u00c9RKY VIN\u00cdCIUS DE LIMA SANTOS", "action_flag": 1, "change_message": "[{\"added\": {}}]"}}, {"model": "admin.logentry", "pk": 9, "fields": {"action_time": "2020-05-05T13:53:38.265", "user": 1, "content_type": 3, "object_id": "3", "object_repr": "Profissional", "action_flag": 1, "change_message": "[{\"added\": {}}]"}}, {"model": "admin.logentry", "pk": 10, "fields": {"action_time": "2020-06-06T08:07:29.936", "user": 1, "content_type": 3, "object_id": "4", "object_repr": "Cliente", "action_flag": 1, "change_message": "[{\"added\": {}}]"}}, {"model": "admin.logentry", "pk": 11, "fields": {"action_time": "2020-06-06T19:29:24.725", "user": 1, "content_type": 4, "object_id": "3", "object_repr": "erkylima", "action_flag": 2, "change_message": "[{\"changed\": {\"fields\": [\"password\"]}}]"}}, {"model": "admin.logentry", "pk": 12, "fields": {"action_time": "2020-06-06T19:29:39.701", "user": 1, "content_type": 15, "object_id": "1", "object_repr": "\u00c9RKY", "action_flag": 2, "change_message": "[{\"changed\": {\"fields\": [\"Senha\"]}}]"}}, {"model": "admin.logentry", "pk": 13, "fields": {"action_time": "2020-06-07T02:36:05.401", "user": 1, "content_type": 4, "object_id": "2", "object_repr": "erky", "action_flag": 2, "change_message": "[{\"changed\": {\"fields\": [\"password\"]}}]"}}, {"model": "admin.logentry", "pk": 14, "fields": {"action_time": "2020-07-02T11:36:53.770", "user": 1, "content_type": 4, "object_id": "2", "object_repr": "erky", "action_flag": 2, "change_message": "[{\"changed\": {\"fields\": [\"Staff status\"]}}]"}}, {"model": "admin.logentry", "pk": 15, "fields": {"action_time": "2020-07-16T01:52:28.583", "user": 1, "content_type": 7, "object_id": "101", "object_repr": "global_permissions | Global Permission | painel", "action_flag": 1, "change_message": "[{\"added\": {}}]"}}, {"model": "admin.logentry", "pk": 16, "fields": {"action_time": "2020-07-16T01:52:42.888", "user": 1, "content_type": 7, "object_id": "101", "object_repr": "global_permissions | Global Permission | Painel Geral", "action_flag": 2, "change_message": "[{\"changed\": {\"fields\": [\"Name\", \"Codename\"]}}]"}}, {"model": "admin.logentry", "pk": 17, "fields": {"action_time": "2020-07-16T01:53:03.649", "user": 1, "content_type": 7, "object_id": "101", "object_repr": "global_permissions | Global Permission | Ver Painel Geral", "action_flag": 2, "change_message": "[{\"changed\": {\"fields\": [\"Name\", \"Codename\"]}}]"}}, {"model": "admin.logentry", "pk": 18, "fields": {"action_time": "2020-07-16T01:53:52.195", "user": 1, "content_type": 7, "object_id": "102", "object_repr": "global_permissions | Global Permission | Ver Painel Profissional", "action_flag": 1, "change_message": "[{\"added\": {}}]"}}, {"model": "admin.logentry", "pk": 19, "fields": {"action_time": "2020-07-16T01:54:00.044", "user": 1, "content_type": 7, "object_id": "101", "object_repr": "global_permissions | Global Permission | Ver Painel Geral", "action_flag": 2, "change_message": "[{\"changed\": {\"fields\": [\"Codename\"]}}]"}}, {"model": "admin.logentry", "pk": 20, "fields": {"action_time": "2020-07-16T01:54:29.906", "user": 1, "content_type": 7, "object_id": "103", "object_repr": "global_permissions | Global Permission | Ver Minha Escala", "action_flag": 1, "change_message": "[{\"added\": {}}]"}}, {"model": "admin.logentry", "pk": 21, "fields": {"action_time": "2020-07-16T01:54:53.057", "user": 1, "content_type": 7, "object_id": "104", "object_repr": "global_permissions | Global Permission | Ver Meus Pacientes", "action_flag": 1, "change_message": "[{\"added\": {}}]"}}, {"model": "admin.logentry", "pk": 22, "fields": {"action_time": "2020-07-16T01:55:09.840", "user": 1, "content_type": 7, "object_id": "105", "object_repr": "global_permissions | Global Permission | Ver Meus Atendimentos", "action_flag": 1, "change_message": "[{\"added\": {}}]"}}, {"model": "admin.logentry", "pk": 23, "fields": {"action_time": "2020-07-16T01:56:47.466", "user": 1, "content_type": 3, "object_id": "3", "object_repr": "Profissional", "action_flag": 2, "change_message": "[{\"changed\": {\"fields\": [\"Permissions\"]}}]"}}, {"model": "admin.logentry", "pk": 24, "fields": {"action_time": "2020-07-16T01:58:22.786", "user": 1, "content_type": 3, "object_id": "3", "object_repr": "Profissional", "action_flag": 2, "change_message": "[{\"changed\": {\"fields\": [\"Permissions\"]}}]"}}, {"model": "admin.logentry", "pk": 25, "fields": {"action_time": "2020-07-16T01:58:45.784", "user": 1, "content_type": 3, "object_id": "3", "object_repr": "Profissional", "action_flag": 2, "change_message": "[]"}}, {"model": "admin.logentry", "pk": 26, "fields": {"action_time": "2020-07-16T02:06:00.708", "user": 1, "content_type": 3, "object_id": "3", "object_repr": "Profissional", "action_flag": 2, "change_message": "[]"}}, {"model": "admin.logentry", "pk": 27, "fields": {"action_time": "2020-07-16T02:12:32.354", "user": 1, "content_type": 3, "object_id": "3", "object_repr": "Profissional", "action_flag": 2, "change_message": "[{\"changed\": {\"fields\": [\"Permissions\"]}}]"}}, {"model": "admin.logentry", "pk": 28, "fields": {"action_time": "2020-07-16T02:15:16.712", "user": 1, "content_type": 3, "object_id": "3", "object_repr": "Profissional", "action_flag": 2, "change_message": "[{\"changed\": {\"fields\": [\"Permissions\"]}}]"}}, {"model": "admin.logentry", "pk": 29, "fields": {"action_time": "2020-07-16T02:15:48.503", "user": 1, "content_type": 3, "object_id": "3", "object_repr": "Profissional", "action_flag": 2, "change_message": "[{\"changed\": {\"fields\": [\"Permissions\"]}}]"}}, {"model": "admin.logentry", "pk": 30, "fields": {"action_time": "2020-07-16T13:05:21.559", "user": 1, "content_type": 25, "object_id": "1", "object_repr": "Prontuario de Pedrito", "action_flag": 1, "change_message": "[{\"added\": {}}]"}}, {"model": "admin.logentry", "pk": 31, "fields": {"action_time": "2020-07-16T13:05:31.984", "user": 1, "content_type": 25, "object_id": "2", "object_repr": "Prontuario de Jos\u00e9lia", "action_flag": 1, "change_message": "[{\"added\": {}}]"}}, {"model": "admin.logentry", "pk": 32, "fields": {"action_time": "2020-08-03T20:52:11.057", "user": 1, "content_type": 7, "object_id": "106", "object_repr": "global_permissions | Global Permission | Ver Painel", "action_flag": 1, "change_message": "[{\"added\": {}}]"}}, {"model": "admin.logentry", "pk": 33, "fields": {"action_time": "2020-08-03T20:52:34.823", "user": 1, "content_type": 7, "object_id": "106", "object_repr": "global_permissions | Global Permission | Ver Relatorio", "action_flag": 2, "change_message": "[{\"changed\": {\"fields\": [\"Name\", \"Codename\"]}}]"}}, {"model": "admin.logentry", "pk": 34, "fields": {"action_time": "2020-08-04T16:11:29.262", "user": 1, "content_type": 7, "object_id": "102", "object_repr": "global_permissions | Global Permission | Ver Painel Profissional", "action_flag": 2, "change_message": "[]"}}, {"model": "admin.logentry", "pk": 35, "fields": {"action_time": "2020-08-04T16:12:25.921", "user": 1, "content_type": 7, "object_id": "107", "object_repr": "global_permissions | Global Permission | Ver Prontuario", "action_flag": 1, "change_message": "[{\"added\": {}}]"}}, {"model": "admin.logentry", "pk": 36, "fields": {"action_time": "2020-08-04T16:22:04.581", "user": 1, "content_type": 7, "object_id": "101", "object_repr": "global_permissions | Global Permission | Ver Painel Geral", "action_flag": 2, "change_message": "[]"}}, {"model": "admin.logentry", "pk": 37, "fields": {"action_time": "2020-08-04T16:22:31.825", "user": 1, "content_type": 3, "object_id": "2", "object_repr": "Atendente", "action_flag": 2, "change_message": "[{\"changed\": {\"fields\": [\"Permissions\"]}}]"}}, {"model": "admin.logentry", "pk": 38, "fields": {"action_time": "2020-08-04T16:24:26.400", "user": 1, "content_type": 3, "object_id": "1", "object_repr": "Gerenciador", "action_flag": 2, "change_message": "[{\"changed\": {\"fields\": [\"Permissions\"]}}]"}}, {"model": "admin.logentry", "pk": 39, "fields": {"action_time": "2020-08-04T16:24:49.704", "user": 1, "content_type": 7, "object_id": "105", "object_repr": "global_permissions | Global Permission | Meus Atendimentos | Ver", "action_flag": 2, "change_message": "[{\"changed\": {\"fields\": [\"Name\"]}}]"}}, {"model": "admin.logentry", "pk": 40, "fields": {"action_time": "2020-08-04T16:24:57.063", "user": 1, "content_type": 7, "object_id": "104", "object_repr": "global_permissions | Global Permission | Meus Pacientes | Ver", "action_flag": 2, "change_message": "[{\"changed\": {\"fields\": [\"Name\"]}}]"}}, {"model": "admin.logentry", "pk": 41, "fields": {"action_time": "2020-08-04T16:25:11.817", "user": 1, "content_type": 7, "object_id": "103", "object_repr": "global_permissions | Global Permission | Minha Escala | Ver", "action_flag": 2, "change_message": "[{\"changed\": {\"fields\": [\"Name\"]}}]"}}, {"model": "admin.logentry", "pk": 42, "fields": {"action_time": "2020-08-04T16:25:19.778", "user": 1, "content_type": 7, "object_id": "101", "object_repr": "global_permissions | Global Permission | Painel Geral | Ver", "action_flag": 2, "change_message": "[{\"changed\": {\"fields\": [\"Name\"]}}]"}}, {"model": "admin.logentry", "pk": 43, "fields": {"action_time": "2020-08-04T16:25:33.357", "user": 1, "content_type": 7, "object_id": "102", "object_repr": "global_permissions | Global Permission | Painel Profissional | Ver", "action_flag": 2, "change_message": "[{\"changed\": {\"fields\": [\"Name\"]}}]"}}, {"model": "admin.logentry", "pk": 44, "fields": {"action_time": "2020-08-04T16:25:42.065", "user": 1, "content_type": 7, "object_id": "107", "object_repr": "global_permissions | Global Permission | Prontuario | Ver", "action_flag": 2, "change_message": "[{\"changed\": {\"fields\": [\"Name\"]}}]"}}, {"model": "admin.logentry", "pk": 45, "fields": {"action_time": "2020-08-04T16:25:49.577", "user": 1, "content_type": 7, "object_id": "106", "object_repr": "global_permissions | Global Permission | Relatorio | Ver", "action_flag": 2, "change_message": "[{\"changed\": {\"fields\": [\"Name\"]}}]"}}]